Date,Rot,VH,Team,1st,2nd,3rd,4th,Final,Open,Close,ML,2H
2022-10-18,501,V,Philadelphia,29,34,25,29,117,229,216,135,107
2022-10-18,502,H,Boston,24,39,35,28,126,7,3,-155,2
2022-10-18,503,V,LALakers,22,30,19,38,109,229.5,223.5,260,114
2022-10-18,504,H,GoldenState,25,34,32,32,123,6.5,7.5,-310,2
2022-10-19,505,V,Washington,36,24,27,27,114,2,2.5,-135,111.5
2022-10-19,506,H,Indiana,25,27,25,30,107,227,229,115,1
2022-10-19,507,V,Orlando,28,27,28,26,109,218,216.5,155,106
2022-10-19,508,H,Detroit,17,40,34,22,113,3.5,4,-175,2
2022-10-19,509,V,NewYork,23,23,33,29,112,226.5,227,165,2.5
2022-10-19,510,H,Memphis,25,36,24,23,115,7.5,4.5,-185,110
2022-10-19,511,V,NewOrleans,32,26,40,32,130,226.5,232.5,130,118
2022-10-19,512,H,Brooklyn,14,36,28,30,108,1,3,-150,4.5
2022-10-19,513,V,Cleveland,22,35,27,21,105,214,216.5,125,105.5
2022-10-19,514,H,Toronto,28,23,25,32,108,4.5,2.5,-145,4
2022-10-19,515,V,Houston,20,30,30,27,107,232.5,235,400,113.5
2022-10-19,516,H,Atlanta,26,33,25,33,117,9.5,10.5,-500,2.5
2022-10-19,517,V,Chicago,28,31,37,20,116,216.5,216,250,111
2022-10-19,518,H,Miami,33,26,27,22,108,6,7.5,-300,5.5
2022-10-19,519,V,Charlotte,38,30,30,31,129,3,1,-120,108.5
2022-10-19,520,H,SanAntonio,22,25,28,27,102,231,221.5,100,5.5
2022-10-19,521,V,OklahomaCity,22,30,35,21,108,232,226.5,475,110
2022-10-19,522,H,Minnesota,35,30,22,28,115,9.5,11,-650,2
2022-10-19,523,V,Denver,30,23,27,22,102,5,7,-260,10
2022-10-19,524,H,Utah,37,38,19,29,123,218.5,225.5,220,109.5
2022-10-19,525,V,Dallas,32,30,19,24,105,216.5,218,160,106.5
2022-10-19,526,H,Phoenix,24,21,31,31,107,5,4,-180,7
2022-10-19,527,V,Portland,32,19,33,31,115,224,230,140,112
2022-10-19,528,H,Sacramento,23,32,29,24,108,1.5,4,-160,1
2022-10-20,529,V,Milwaukee,30,17,26,17,90,225,224.5,155,114
2022-10-20,530,H,Philadelphia,24,21,18,25,88,2,4,-175,4
2022-10-20,531,V,LAClippers,35,21,29,18,103,3,5,-190,3.5
2022-10-20,532,H,LALakers,23,33,21,20,97,220.5,227,170,115.5
2022-10-21,533,V,Chicago,30,20,24,26,100,2.5,221,110,0.5
2022-10-21,534,H,Washington,26,30,21,25,102,222.5,2,-130,112
2022-10-21,535,V,SanAntonio,36,34,32,35,137,227.5,232.5,105,112.5
2022-10-21,536,H,Indiana,26,29,30,49,134,4.5,1.5,-125,4
2022-10-21,537,V,NewOrleans,35,26,32,31,124,4.5,7,-250,1
2022-10-21,538,H,Charlotte,24,27,34,27,112,230.5,226,210,115
2022-10-21,539,V,Toronto,24,28,27,26,105,225.5,226.5,120,109
2022-10-21,540,H,Brooklyn,28,21,29,31,109,3.5,2.5,-140,2
2022-10-21,541,V,Boston,30,29,30,22,111,1,2,-135,107
2022-10-21,542,H,Miami,22,29,26,27,104,215.5,221,115,1
2022-10-21,543,V,Detroit,20,32,29,25,106,218.5,221,225,2
2022-10-21,544,H,NewYork,30,42,31,27,130,6,7.5,-265,107
2022-10-21,545,V,Orlando,27,27,27,17,98,222,225.5,330,110
2022-10-21,546,H,Atlanta,19,31,30,28,108,8,9,-400,8
2022-10-21,547,V,Memphis,26,36,33,34,129,5,7,-270,6.5
2022-10-21,548,H,Houston,32,38,30,22,122,229.5,230.5,230,116.5
2022-10-21,549,V,Utah,26,29,33,32,132,225.5,227,265,115.5
2022-10-21,550,H,Minnesota,41,23,23,33,126,7,8,-320,2.5
2022-10-21,551,V,Denver,40,30,28,30,128,227.5,229.5,195,111.5
2022-10-21,552,H,GoldenState,34,18,36,35,123,5.5,5.5,-230,9
2022-10-21,553,V,Phoenix,28,25,26,23,111,3,5.5,-200,1.5
2022-10-21,554,H,Portland,25,22,28,27,113,225.5,224,175,114.5
2022-10-22,555,V,SanAntonio,19,35,31,29,114,223,224.5,700,109.5
2022-10-22,556,H,Philadelphia,25,26,26,28,105,13,13.5,-1100,9.5
2022-10-22,557,V,Detroit,35,21,23,36,115,227.5,232,-110,112.5
2022-10-22,558,H,Indiana,25,27,36,36,124,pk,1,-110,1.5
2022-10-22,559,V,Boston,36,32,31,27,126,7.5,8.5,-360,5.5
2022-10-22,560,H,Orlando,33,35,26,26,120,219,215.5,300,106.5
2022-10-22,561,V,Toronto,33,17,33,26,109,216.5,216.5,140,3.5
2022-10-22,562,H,Miami,38,33,21,20,112,3.5,3.5,-160,106
2022-10-22,563,V,Cleveland,34,36,23,35,128,217.5,1.5,-125,107
2022-10-22,564,H,Chicago,25,29,25,17,96,1.5,221,105,4
2022-10-22,565,V,Houston,23,25,31,26,105,229.5,227.5,650,109.5
2022-10-22,566,H,Milwaukee,41,26,31,27,125,12,13.5,-1000,2
2022-10-22,567,V,Memphis,17,19,35,25,96,220.5,220,170,4.5
2022-10-22,568,H,Dallas,39,25,35,38,137,4.5,6,-190,110.5
2022-10-22,569,V,OklahomaCity,29,26,30,32,117,224,227,330,110.5
2022-10-22,570,H,Denver,28,27,33,34,122,7.5,9,-400,6.5
2022-10-22,571,V,LAClippers,29,23,34,25,111,5.5,2.5,-140,1.5
2022-10-22,572,H,Sacramento,26,29,25,29,109,221,225.5,120,116
2022-10-23,501,V,Portland,32,23,23,28,106,222.5,227,150,110
2022-10-23,502,H,LALakers,24,24,35,21,104,3.5,4,-170,3.5
2022-10-23,503,V,Charlotte,22,37,45,22,126,229.5,227.5,400,112.5
2022-10-23,504,H,Atlanta,30,25,29,25,109,10,10,-500,8.5
2022-10-23,505,V,Utah,26,37,30,17,122,230.5,231.5,280,116.5
2022-10-23,506,H,NewOrleans,24,29,31,26,121,7.5,8.5,-340,7
2022-10-23,507,V,Washington,31,20,25,27,107,216.5,216.5,155,105.5
2022-10-23,508,H,Cleveland,30,27,26,20,117,4,4,-175,pk
2022-10-23,509,V,Minnesota,31,22,29,34,116,6,9.5,-420,3
2022-10-23,510,H,OklahomaCity,18,26,30,32,106,222.5,225.5,350,109.5
2022-10-23,511,V,Sacramento,36,35,23,31,125,223.5,232.5,400,0.505
2022-10-23,512,H,GoldenState,39,50,24,17,130,8.5,10,-500,114.5
2022-10-23,513,V,Phoenix,33,28,25,26,112,217.5,1.5,-130,112
2022-10-23,514,H,LAClippers,18,23,31,23,95,2.5,219,110,5.5
2022-10-24,515,V,Indiana,23,23,30,30,106,225,228.5,550,111
2022-10-24,516,H,Philadelphia,33,31,26,30,120,12,12.5,-800,1
2022-10-24,517,V,Orlando,28,31,23,20,102,218.5,223,250,108.5
2022-10-24,518,H,NewYork,34,31,31,19,115,7.5,7.5,-300,2.5
2022-10-24,519,V,Toronto,27,21,23,27,98,217,214,150,104.5
2022-10-24,520,H,Miami,23,20,33,14,90,3.5,3.5,-170,3
2022-10-24,521,V,SanAntonio,39,28,36,12,115,230.5,234.5,300,115.5
2022-10-24,522,H,Minnesota,28,29,14,35,106,10,8.5,-360,7.5
2022-10-24,523,V,Brooklyn,34,35,28,27,124,227.5,235.5,100,115
2022-10-24,524,H,Memphis,39,25,45,25,134,1.5,1.5,-120,1
2022-10-24,525,V,Boston,39,15,25,23,102,5,5.5,-210,6
2022-10-24,526,H,Chicago,30,35,35,20,120,222.5,225.5,180,109.5
2022-10-24,527,V,Utah,18,27,28,35,108,232,2.5,-135,3
2022-10-24,528,H,Houston,21,30,26,37,114,1,234,115,119
2022-10-24,529,V,Denver,31,30,25,24,110,3.5,5,-220,1
2022-10-24,530,H,Portland,23,32,44,36,135,229,227.5,190,111.5
2022-10-25,531,V,Detroit,25,24,26,24,99,223.5,221,190,107
2022-10-25,532,H,Washington,28,28,29,35,120,5,5.5,-220,0.5
2022-10-25,533,V,Dallas,31,33,25,22,111,4.5,5,-210,4
2022-10-25,534,H,NewOrleans,40,26,21,26,113,220.5,218.5,180,107
2022-10-25,535,V,LAClippers,18,25,25,26,94,9.5,5.5,-220,4.5
2022-10-25,536,H,OklahomaCity,23,26,35,24,108,219.5,217.5,190,110.5
2022-10-25,537,V,GoldenState,29,37,20,19,105,224.5,227.5,100,1.5
2022-10-25,538,H,Phoenix,37,35,33,29,134,2.5,1.5,-120,110.5
2022-10-26,539,V,Orlando,24,26,19,23,92,219,215.5,325,104.5
2022-10-26,540,H,Cleveland,30,24,19,30,103,8.5,9,-390,3.5
2022-10-26,541,V,Atlanta,36,26,27,29,118,7,7.5,-300,4.5
2022-10-26,542,H,Detroit,32,29,28,24,113,228,229,250,110
2022-10-26,543,V,Charlotte,30,32,28,32,131,226.5,224,250,115.5
2022-10-26,544,H,NewYork,32,37,29,24,134,7.5,7.5,-300,2
2022-10-26,545,V,Brooklyn,20,35,21,23,99,233.5,230,140,111.5
2022-10-26,546,H,Milwaukee,25,18,35,32,110,4,3,-160,4.5
2022-10-26,547,V,Philadelphia,27,26,26,30,109,215.5,211.5,-105,3
2022-10-26,548,H,Toronto,35,28,26,30,119,pk,1,-115,103
2022-10-26,549,V,SanAntonio,28,25,41,28,122,231.5,235,375,113
2022-10-26,550,H,Minnesota,39,29,34,32,134,8.5,9.5,-450,0.5
2022-10-26,551,V,Indiana,27,30,36,16,109,233.5,233.5,240,2
2022-10-26,552,H,Chicago,38,38,27,21,124,8,7,-280,112.5
2022-10-26,553,V,Houston,21,28,26,26,101,232.5,232.5,300,112.5
2022-10-26,554,H,Utah,22,39,28,20,109,6,8.5,-360,1.5
2022-10-26,555,V,Miami,28,33,33,25,119,222.5,2.5,-140,108.5
2022-10-26,556,H,Portland,31,25,25,17,98,1,220.5,120,0.5
2022-10-26,557,V,LALakers,22,32,17,28,99,227,230.5,175,117.5
2022-10-26,558,H,Denver,26,28,32,24,110,6.5,5,-200,3.5
2022-10-27,559,V,Dallas,30,31,29,22,129,227.5,2.5,-140,1.5
2022-10-27,560,H,Brooklyn,23,36,25,28,125,1.5,225.5,120,109.5
2022-10-27,561,V,LAClippers,24,36,27,23,110,7,7,-260,1.5
2022-10-27,562,H,OklahomaCity,34,19,36,29,118,216,218.5,220,111.5
2022-10-27,563,V,Miami,30,29,28,23,110,223.5,228,200,110
2022-10-27,564,H,GoldenState,31,32,29,31,123,7.5,6,-240,3
2022-10-27,565,V,Memphis,32,31,31,31,125,4,2.5,-140,120.5
2022-10-27,566,H,Sacramento,28,28,27,27,110,235,236.5,120,0.5
2022-10-28,501,V,Atlanta,35,34,37,30,136,6,6,-240,3
2022-10-28,502,H,Detroit,29,38,27,18,112,222.5,229.5,200,112.5
2022-10-28,503,V,Charlotte,19,11,23,40,93,4.5,1.5,-125,6
2022-10-28,504,H,Orlando,22,29,31,31,113,229.5,220.5,105,110.5
2022-10-28,505,V,Philadelphia,28,37,16,31,112,215,214.5,140,104.5
2022-10-28,506,H,Toronto,26,22,22,20,90,1.5,3.5,-160,7
2022-10-28,507,V,Cleveland,33,29,33,19,132,223.5,218.5,225,0.5
2022-10-28,508,H,Boston,34,41,24,15,123,6,7,-265,106
2022-10-28,509,V,Indiana,36,39,26,26,127,229.5,228.5,180,111.5
2022-10-28,510,H,Washington,28,32,30,27,117,6,4.5,-210,7
2022-10-28,511,V,LALakers,25,27,23,27,102,227.5,232,260,117.5
2022-10-28,512,H,Minnesota,28,24,26,33,111,7.5,8,-310,5.5
2022-10-28,513,V,NewYork,24,29,32,23,108,224.5,223.5,195,108
2022-10-28,514,H,Milwaukee,26,33,37,23,119,8,6,-230,2
2022-10-28,515,V,Chicago,29,31,34,30,124,5.5,4,-170,4
2022-10-28,516,H,SanAntonio,36,26,32,35,129,228.5,230.5,150,118
2022-10-28,517,V,Utah,25,25,28,23,101,229.5,232,260,117
2022-10-28,518,H,Denver,35,28,26,28,117,7.5,7.5,-310,pk
2022-10-28,519,V,NewOrleans,27,25,31,28,111,225.5,226,265,116
2022-10-28,520,H,Phoenix,21,36,36,31,124,6,8,-320,3.5
2022-10-28,521,V,Houston,23,35,24,29,111,228.5,222.5,160,2
2022-10-28,522,H,Portland,32,37,27,29,125,7,4,-180,109
2022-10-29,523,V,Miami,23,26,33,31,113,3.5,4,-165,8
2022-10-29,524,H,Sacramento,32,39,19,29,119,226.5,227.5,145,109
2022-10-29,525,V,GoldenState,23,27,33,24,113,9,10,-500,8.5
2022-10-29,526,H,Charlotte,34,28,18,27,120,234.5,233.5,400,113.5
2022-10-29,527,V,Indiana,26,37,29,33,125,233.5,239.5,450,117
2022-10-29,528,H,Brooklyn,26,36,28,26,116,10.5,11,-600,7.5
2022-10-29,529,V,Philadelphia,37,27,26,24,114,1,2.5,-140,107.5
2022-10-29,530,H,Chicago,22,34,31,22,109,219.5,221.5,120,1.5
2022-10-29,531,V,Atlanta,30,21,33,31,115,226,228.5,185,110
2022-10-29,532,H,Milwaukee,32,27,32,32,123,5.5,5.5,-215,1.5
2022-10-29,533,V,Memphis,30,24,37,32,123,5.5,3,-160,3.5
2022-10-29,534,H,Utah,24,38,33,29,124,232,225,140,116.5
2022-10-29,535,V,OklahomaCity,27,19,26,27,117,223.5,219,400,105.5
2022-10-29,536,H,Dallas,25,26,20,28,111,10.5,10.5,-500,5
2022-10-30,537,V,NewOrleans,18,34,26,34,112,224.5,226,110,115.5
2022-10-30,538,H,LAClippers,25,27,15,24,91,3.5,2,-130,1
2022-10-30,539,V,Washington,15,32,21,26,94,224.5,221.5,350,108
2022-10-30,540,H,Boston,34,24,29,25,112,8.5,9.5,-420,1.5
2022-10-30,541,V,NewYork,30,29,34,15,108,224.5,220,150,107
2022-10-30,542,H,Cleveland,35,27,22,37,121,5.5,4,-170,1.5
2022-10-30,543,V,GoldenState,37,18,36,23,114,8.5,7.5,-310,8
2022-10-30,544,H,Detroit,29,34,37,28,128,230.5,231.5,260,112.5
2022-10-30,545,V,Minnesota,23,24,23,28,98,4.5,6,-240,6
2022-10-30,546,H,SanAntonio,26,31,28,22,107,235.5,237.5,200,113
2022-10-30,547,V,Orlando,34,26,23,22,105,218.5,211.5,330,103.5
2022-10-30,548,H,Dallas,29,31,28,26,114,10.5,9.5,-400,6
2022-10-30,549,V,Houston,24,32,30,23,109,228,227.5,600,110
2022-10-30,550,H,Phoenix,29,36,25,34,124,12.5,13,-900,4.5
2022-10-30,551,V,Denver,31,20,34,25,110,2.5,2.5,-150,2
2022-10-30,552,H,LALakers,26,29,38,28,121,220.5,228.5,130,111
2022-10-31,553,V,Philadelphia,30,22,34,32,118,4,2.5,-135,1.5
2022-10-31,554,H,Washington,28,24,21,38,111,221.5,216,115,106
2022-10-31,555,V,Sacramento,24,28,37,26,115,232.5,3.5,-160,6
2022-10-31,556,H,Charlotte,34,33,18,23,108,pk,231.5,140,113
2022-10-31,557,V,Indiana,18,36,31,24,109,236,236.5,270,114.5
2022-10-31,558,H,Brooklyn,33,28,31,24,116,8.5,8,-330,2
2022-10-31,559,V,Atlanta,28,25,27,29,109,223.5,222.5,110,3
2022-10-31,560,H,Toronto,34,30,31,44,139,4,2,-130,107.5
2022-10-31,561,V,Detroit,23,29,25,31,108,227,224,600,109.5
2022-10-31,562,H,Milwaukee,34,26,28,22,110,11.5,13.5,-900,5.5
2022-10-31,563,V,Memphis,26,18,30,31,105,3.5,2.5,-140,6.5
2022-10-31,564,H,Utah,23,38,36,24,121,235,231.5,120,118
2022-10-31,565,V,Houston,23,29,24,17,93,223.5,225.5,310,110
2022-10-31,566,H,LAClippers,30,21,22,22,95,9.5,8.5,-370,6
2022-11-01,567,V,Chicago,25,27,25,31,108,233.5,233,110,0.5
2022-11-01,568,H,Brooklyn,27,31,22,19,99,2,2,-130,118
2022-11-01,569,V,Orlando,32,34,22,20,108,218.5,216.5,135,106
2022-11-01,570,H,OklahomaCity,33,30,22,31,116,3.5,3,-155,3
2022-11-01,571,V,GoldenState,24,32,38,15,109,227,226,-105,109.5
2022-11-01,572,H,Miami,33,25,28,30,116,pk,1.5,-115,0.5
2022-11-01,573,V,Minnesota,20,27,26,34,107,230,228,150,111
2022-11-01,574,H,Phoenix,24,30,30,32,116,5,4,-170,0.5
2022-11-02,501,V,Washington,31,26,34,30,121,219.5,217,190,107
2022-11-02,502,H,Philadelphia,25,26,39,21,111,8,5.5,-220,4.5
2022-11-02,503,V,Boston,27,29,20,31,113,220.5,1.5,-125,108
2022-11-02,504,H,Cleveland,35,15,33,24,114,1,220,105,1
2022-11-02,505,V,Charlotte,26,26,18,18,88,228.5,225,200,111.5
2022-11-02,506,H,Chicago,27,34,23,22,106,5.5,6,-240,1
2022-11-02,507,V,Sacramento,32,19,25,31,107,226.5,220.5,170,107.5
2022-11-02,508,H,Miami,33,20,24,33,110,7,4.5,-190,2.5
2022-11-02,509,V,Atlanta,21,36,32,23,112,228.5,233,115,1
2022-11-02,510,H,NewYork,32,33,10,24,99,2.5,2.5,-135,113
2022-11-02,511,V,Toronto,32,32,40,39,143,8.5,6.5,-250,109
2022-11-02,512,H,SanAntonio,31,18,21,30,100,225.5,223.5,210,1.5
2022-11-02,513,V,LAClippers,34,22,30,23,109,5,6,-220,3
2022-11-02,514,H,Houston,24,29,26,22,101,223,223,190,114.5
2022-11-02,515,V,Detroit,26,21,21,23,91,224,223,475,108
2022-11-02,516,H,Milwaukee,31,25,29,31,116,10.5,11.5,-650,4
2022-11-02,517,V,Utah,35,15,28,22,100,223,222,210,114
2022-11-02,518,H,Dallas,23,24,27,29,103,6,6.5,-250,5.5
2022-11-02,519,V,Memphis,30,22,26,33,111,2,5.5,-210,1.5
2022-11-02,520,H,Portland,23,22,27,34,106,228.5,227.5,180,116
2022-11-02,521,V,NewOrleans,27,17,35,32,117,3.5,2.5,-130,4.5
2022-11-02,522,H,LALakers,23,33,26,29,120,229,230,110,117
2022-11-03,523,V,GoldenState,30,35,33,31,129,7.5,9.5,-420,1.5
2022-11-03,524,H,Orlando,30,23,43,34,130,224.5,226,350,110
2022-11-03,525,V,Denver,42,29,22,29,122,6,6.5,-250,111
2022-11-03,526,H,OklahomaCity,29,28,38,15,110,227.5,228.5,210,0.5
2022-11-04,527,V,Brooklyn,38,31,27,32,128,230.5,222.5,130,108
2022-11-04,528,H,Washington,28,29,13,16,86,1,3,-150,4
2022-11-04,529,V,Miami,29,21,27,22,99,5,3,-150,5
2022-11-04,530,H,Indiana,28,34,18,21,101,228.5,225,130,109
2022-11-04,531,V,NewYork,21,37,16,32,106,222.5,220.5,110,105.5
2022-11-04,532,H,Philadelphia,22,31,30,21,104,3,1,-130,1
2022-11-04,533,V,Cleveland,24,33,33,22,112,6,3.5,-165,104.5
2022-11-04,534,H,Detroit,21,18,29,20,88,227.5,215,145,3
2022-11-04,535,V,Chicago,31,26,30,32,119,221.5,223.5,230,113
2022-11-04,536,H,Boston,26,37,30,30,123,6,7,-270,2
2022-11-04,537,V,Charlotte,23,24,22,30,99,231.5,226.5,450,111
2022-11-04,538,H,Memphis,41,30,33,26,130,11.5,11,-600,0.5
2022-11-04,539,V,LAClippers,28,26,28,31,113,3.5,3.5,-160,3
2022-11-04,540,H,SanAntonio,18,40,28,20,106,223,225.5,140,115.5
2022-11-04,541,V,Toronto,29,28,24,29,110,217,215.5,160,104.5
2022-11-04,542,H,Dallas,31,31,34,15,111,4,4.5,-180,1
2022-11-04,543,V,GoldenState,27,27,25,26,105,231.5,226.5,400,109.5
2022-11-04,544,H,NewOrleans,26,35,27,26,114,4.5,10.5,-500,4
2022-11-04,545,V,Portland,25,34,27,22,108,222.5,217,500,106
2022-11-04,546,H,Phoenix,28,21,31,26,106,8,12.5,-700,10
2022-11-04,547,V,Milwaukee,34,27,34,20,115,1.5,2,-135,115.5
2022-11-04,548,H,Minnesota,26,28,30,18,102,227.5,225.5,115,1
2022-11-04,549,V,Utah,40,35,25,30,130,22,229,145,117
2022-11-04,550,H,LALakers,34,28,33,21,116,1.5,3.5,-165,5
2022-11-05,551,V,Sacramento,25,22,36,23,126,1.5,4.5,-180,7.5
2022-11-05,552,H,Orlando,33,32,12,29,123,224.5,228.5,160,111
2022-11-05,553,V,Brooklyn,30,22,17,29,98,5,3.5,-160,0.5
2022-11-05,554,H,Charlotte,21,23,26,24,94,223.5,224,140,107.5
2022-11-05,555,V,NewOrleans,28,24,33,24,121,234.5,234.5,110,1.5
2022-11-05,556,H,Atlanta,29,31,28,21,124,1.5,2,-130,119
2022-11-05,557,V,Boston,32,35,34,32,133,3,4.5,-175,2.5
2022-11-05,558,H,NewYork,29,37,30,22,118,223.5,227,155,110.5
2022-11-05,559,V,Houston,34,15,34,34,117,231.5,234,250,1.5
2022-11-05,560,H,Minnesota,40,28,35,26,129,8.5,8,-300,114
2022-11-05,561,V,OklahomaCity,34,19,25,16,94,222,219,180,1.5
2022-11-05,562,H,Milwaukee,34,33,26,15,108,10,5.5,-210,106.5
2022-11-05,563,V,SanAntonio,27,24,25,25,101,235.5,235.5,450,114
2022-11-05,564,H,Denver,40,30,29,27,126,8.5,11.5,-600,1.5
2022-11-05,565,V,Portland,26,14,21,21,82,215.5,215.5,475,105
2022-11-05,566,H,Phoenix,35,26,23,18,102,9,12.5,-650,0.5
2022-11-06,567,V,Cleveland,30,28,29,27,114,2.5,5.5,-210,4
2022-11-06,568,H,LALakers,36,28,16,20,100,223.5,222.5,180,109
2022-11-06,569,V,Chicago,30,19,33,22,104,219.5,219.5,155,112.5
2022-11-06,570,H,Toronto,21,34,28,30,113,1.5,4,-175,pk
2022-11-06,571,V,Washington,25,18,31,23,97,228,224,330,113.5
2022-11-06,572,H,Memphis,24,33,24,22,103,7.5,9.5,-400,1
2022-11-06,573,V,Utah,29,34,21,26,110,225.5,218.5,150,111.5
2022-11-06,574,H,LAClippers,29,27,29,17,102,5,4,-170,4
2022-11-07,501,V,Washington,26,20,30,32,108,221,213.5,110,109
2022-11-07,502,H,Charlotte,18,30,24,28,100,2.5,2,-130,1
2022-11-07,503,V,Houston,33,38,29,34,134,229,224,170,109
2022-11-07,504,H,Orlando,30,35,23,39,127,4.5,5,-190,3.5
2022-11-07,505,V,OklahomaCity,33,30,22,18,103,224,2,-130,108
2022-11-07,506,H,Detroit,28,20,35,29,112,2.5,223.5,110,3
2022-11-07,507,V,NewOrleans,30,25,36,31,122,6,5,-190,4.5
2022-11-07,508,H,Indiana,32,26,42,29,129,233.5,233.5,170,119
2022-11-07,509,V,Phoenix,20,27,23,18,88,1.5,1,-130,3.5
2022-11-07,510,H,Philadelphia,33,23,19,25,100,217,215,110,109
2022-11-07,511,V,Milwaukee,36,22,22,18,98,1,5.5,-220,1.5
2022-11-07,512,H,Atlanta,25,27,37,28,117,226.5,219.5,190,112.5
2022-11-07,513,V,Portland,28,25,20,37,110,220.5,216.5,175,105.5
2022-11-07,514,H,Miami,28,32,21,26,107,6.5,5,-200,0.5
2022-11-07,515,V,Toronto,27,26,17,27,97,221,221.5,115,0.5
2022-11-07,516,H,Chicago,30,28,28,25,111,3,2,-135,108.5
2022-11-07,517,V,Boston,28,37,19,25,109,1,3.5,-160,112.5
2022-11-07,518,H,Memphis,34,20,31,21,106,230.5,233,140,1.5
2022-11-07,519,V,NewYork,38,38,27,17,120,229,235.5,120,113.5
2022-11-07,520,H,Minnesota,29,23,28,27,107,5.5,2.5,-140,7.5
2022-11-07,521,V,Denver,28,37,29,21,115,6.5,7.5,-330,3.5
2022-11-07,522,H,SanAntonio,28,34,27,20,109,231.5,234.5,270,113.5
2022-11-07,523,V,Brooklyn,34,16,23,21,94,219.5,216,190,103.5
2022-11-07,524,H,Dallas,29,24,19,24,96,6.5,6,-220,2.5
2022-11-07,525,V,Sacramento,31,36,21,25,113,230,235.5,270,113
2022-11-07,526,H,GoldenState,29,26,24,37,116,5.5,8,-330,8
2022-11-07,527,V,LALakers,34,37,27,18,116,229,224.5,235,115
2022-11-07,528,H,Utah,42,34,39,24,139,3,7,-275,2.5
2022-11-07,529,V,Cleveland,37,27,23,30,117,219.5,4,-180,3
2022-11-07,530,H,LAClippers,31,33,24,31,119,pk,212.5,160,103.5
2022-11-09,531,V,Denver,35,21,33,33,122,4.5,5,-190,6.5
2022-11-09,532,H,Indiana,27,43,25,24,119,234,236,170,113.5
2022-11-09,533,V,Portland,25,33,28,19,105,4.5,2,-130,107
2022-11-09,534,H,Charlotte,30,23,26,16,95,222,221.5,110,0.5
2022-11-09,535,V,Dallas,28,26,20,13,87,6,8.5,-380,4
2022-11-09,536,H,Orlando,24,26,23,21,94,217.5,212.5,320,102.5
2022-11-09,537,V,Houston,37,17,28,27,109,224.5,224.5,375,108
2022-11-09,538,H,Toronto,29,28,29,30,116,8.5,10,-450,5
2022-11-09,539,V,NewYork,22,22,27,14,85,225.5,221,140,4.5
2022-11-09,540,H,Brooklyn,38,31,23,20,112,2.5,3.5,-160,106
2022-11-09,541,V,Detroit,21,28,30,33,112,223.5,226,550,109
2022-11-09,542,H,Boston,29,34,32,33,128,11.5,13.5,-800,3.5
2022-11-09,543,V,Utah,26,37,22,40,125,227.5,231.5,160,119
2022-11-09,544,H,Atlanta,22,32,36,29,119,3.5,4.5,-180,4
2022-11-09,545,V,Memphis,38,28,23,23,124,5.5,6,-200,1.5
2022-11-09,546,H,SanAntonio,32,27,35,18,122,232.5,234.5,175,119.5
2022-11-09,547,V,Phoenix,39,30,35,25,129,4,224,105,114.5
2022-11-09,548,H,Minnesota,25,26,31,35,117,226,2,-125,5.5
2022-11-09,549,V,Milwaukee,27,28,29,35,136,7,1,-115,1
2022-11-09,550,H,OklahomaCity,27,28,32,32,132,220.5,213.5,-105,110.5
2022-11-09,551,V,NewOrleans,22,30,27,36,115,228.5,2,-130,1
2022-11-09,552,H,Chicago,22,28,32,29,111,1,232,110,118.5
2022-11-09,553,V,Cleveland,29,29,35,27,120,5,4,-170,5
2022-11-09,554,H,Sacramento,34,35,28,30,127,225,228,150,110.5
2022-11-09,555,V,LALakers,21,31,23,26,101,222,219,130,112.5
2022-11-09,556,H,LAClippers,38,16,33,27,114,6,3,-150,1.5
2022-11-10,557,V,Dallas,34,27,22,22,105,3.5,6,-220,3
2022-11-10,558,H,Washington,28,30,29,26,113,209,209.5,190,102
2022-11-10,559,V,Philadelphia,20,22,24,29,95,222.5,222,100,0.5
2022-11-10,560,H,Atlanta,29,17,34,24,104,1.5,1,-120,106.5
2022-11-10,561,V,Charlotte,27,23,23,31,112,218,213,450,108.5
2022-11-10,562,H,Miami,32,26,27,19,117,10,11,-600,4
2022-11-10,563,V,Portland,27,24,27,28,106,225,223,330,109
2022-11-10,564,H,NewOrleans,27,30,17,21,95,7,10,-400,4
2022-11-11,565,V,Phoenix,23,29,22,23,97,7.5,7.5,-300,7
2022-11-11,566,H,Orlando,30,28,29,27,114,214.5,215.5,250,110
2022-11-11,567,V,Denver,25,32,34,21,112,230.5,230.5,160,0.5
2022-11-11,568,H,Boston,33,33,31,34,131,5,4.5,-180,112
2022-11-11,569,V,Detroit,26,32,22,32,112,225,224,320,108
2022-11-11,570,H,NewYork,30,38,26,27,121,7.5,9.5,-380,1.5
2022-11-11,571,V,Milwaukee,27,19,30,17,93,5,218.5,105,1.5
2022-11-11,572,H,SanAntonio,31,23,29,28,111,220.5,1.5,-125,113
2022-11-11,573,V,Toronto,24,32,29,28,113,5,5,-200,6.5
2022-11-11,574,H,OklahomaCity,29,41,36,26,132,219,219.5,175,107
2022-11-11,575,V,Minnesota,30,33,21,19,103,235.5,234.5,150,0.5
2022-11-11,576,H,Memphis,33,39,24,18,114,6,4,-170,113.5
2022-11-11,577,V,Cleveland,25,27,25,24,101,228,231.5,130,112.5
2022-11-11,578,H,GoldenState,25,23,26,32,106,2.5,3,-150,1.5
2022-11-11,579,V,Sacramento,23,33,31,33,120,1,4,-170,5
2022-11-11,580,H,LALakers,23,37,28,26,114,226,233,150,112.5
2022-11-12,501,V,Brooklyn,24,30,21,35,110,214,212,100,103.5
2022-11-12,502,H,LAClippers,19,31,21,24,95,2,1.5,-120,1
2022-11-12,503,V,Utah,30,25,29,28,112,3,4,-180,3
2022-11-12,504,H,Washington,28,33,31,29,121,221.5,221,160,114
2022-11-12,505,V,Boston,30,25,34,28,117,9,8.5,-370,6.5
2022-11-12,506,H,Detroit,29,28,24,27,108,225,225,310,109.5
2022-11-12,507,V,Toronto,26,39,25,14,104,2,229,130,111.5
2022-11-12,508,H,Indiana,28,24,30,36,118,225.5,3,-150,4.5
2022-11-12,509,V,Atlanta,24,27,33,25,109,221.5,223,130,4
2022-11-12,510,H,Philadelphia,37,30,32,22,121,3.5,3,-150,108.5
2022-11-12,511,V,Charlotte,33,26,25,31,115,215.5,214.5,150,109.5
2022-11-12,512,H,Miami,34,23,45,30,132,10,8,-170,6.5
2022-11-12,513,V,Houston,26,24,37,19,106,228,233.5,400,113.5
2022-11-12,514,H,NewOrleans,34,29,23,33,119,10,11,-500,1.5
2022-11-12,515,V,Portland,25,32,31,24,112,217.5,219,215,105.5
2022-11-12,516,H,Dallas,35,24,26,32,117,4.5,6.5,-255,3
2022-11-13,517,V,OklahomaCity,36,43,43,23,145,225,226,180,116
2022-11-13,518,H,NewYork,48,25,33,29,135,6,5.5,-210,4.5
2022-11-13,519,V,Memphis,19,32,23,18,92,5.5,217.5,105,0.5
2022-11-13,520,H,Washington,23,32,27,20,102,225,1.5,-125,112
2022-11-13,521,V,Minnesota,40,27,37,25,129,227,221,-110,108
2022-11-13,522,H,Cleveland,20,30,34,40,124,5,pk,-110,4.5
2022-11-13,523,V,Utah,30,27,21,20,98,220,217.5,140,111.5
2022-11-13,524,H,Philadelphia,26,25,27,27,105,3.5,3.5,-160,3
2022-11-13,525,V,Denver,32,30,35,29,126,232.5,1.5,-125,111.5
2022-11-13,526,H,Chicago,20,27,29,27,103,pk,230,105,3.5
2022-11-13,527,V,GoldenState,39,23,29,24,115,3.5,4,-180,5
2022-11-13,528,H,Sacramento,26,38,34,24,122,234,236.5,160,115.5
2022-11-13,529,V,Brooklyn,22,24,31,26,103,1.5,5,-200,4.5
2022-11-13,530,H,LALakers,26,29,25,36,116,227,217.5,175,105.5
2022-11-14,531,V,Charlotte,31,27,26,28,112,221.5,1.5,-125,108
2022-11-14,532,H,Orlando,23,22,24,36,105,1,225,105,3.5
2022-11-14,533,V,Toronto,27,31,30,27,115,5,4.5,-170,0.5
2022-11-14,534,H,Detroit,23,28,26,34,111,220,218.5,150,106
2022-11-14,535,V,Phoenix,31,26,34,21,112,217.5,216,120,110.5
2022-11-14,536,H,Miami,35,23,26,29,113,pk,2.5,-140,1.5
2022-11-14,537,V,OklahomaCity,35,34,27,26,122,227.5,229,475,117
2022-11-14,538,H,Boston,32,30,27,37,126,10.5,12,-650,10.5
2022-11-14,539,V,LAClippers,31,27,31,33,122,5.5,5,-190,112.5
2022-11-14,540,H,Houston,23,23,32,28,106,221,219.5,170,1.5
2022-11-14,541,V,Atlanta,29,34,31,27,121,224.5,226,150,109
2022-11-14,542,H,Milwaukee,24,26,30,26,106,4,4,-170,5.5
2022-11-14,543,V,SanAntonio,26,19,23,27,95,232.5,234,320,113.5
2022-11-14,544,H,GoldenState,33,28,38,33,132,9,9,-380,0.5
2022-11-15,545,V,Memphis,35,25,27,15,102,230,223.5,100,115
2022-11-15,546,H,NewOrleans,32,27,30,24,113,2,1.5,-120,1
2022-11-15,547,V,LAClippers,15,17,33,36,101,211.5,212.5,220,3
2022-11-15,548,H,Dallas,30,24,15,34,103,7,6.5,-260,108.5
2022-11-15,549,V,NewYork,23,38,22,35,118,230.5,231.5,155,111.5
2022-11-15,550,H,Utah,27,31,27,26,111,4,4,-175,4
2022-11-15,551,V,SanAntonio,29,27,33,21,110,224,226,300,110.5
2022-11-15,552,H,Portland,30,32,31,24,117,7.5,8.5,-360,3
2022-11-15,553,V,Brooklyn,30,24,28,39,121,224,225,105,4.5
2022-11-15,554,H,Sacramento,36,37,42,38,153,2,2,-125,109
2022-11-16,555,V,Indiana,27,33,30,35,125,232.5,1,-110,0.5
2022-11-16,556,H,Charlotte,27,36,27,23,113,2.5,237,-110,115.5
2022-11-16,557,V,OklahomaCity,29,25,35,32,121,224,230.5,170,1.5
2022-11-16,558,H,Washington,37,30,20,33,120,4.5,5,-190,110.5
2022-11-16,559,V,Minnesota,42,32,24,28,126,4.5,8,-300,107.5
2022-11-16,560,H,Orlando,24,25,31,28,108,224,224,250,2
2022-11-16,561,V,Boston,30,32,35,29,126,2,234.5,-110,114
2022-11-16,562,H,Atlanta,18,35,25,23,101,232,pk,-110,2
2022-11-16,563,V,Miami,31,29,19,25,104,215.5,216.5,140,105
2022-11-16,564,H,Toronto,27,27,30,28,112,pk,3.5,-160,3
2022-11-16,565,V,Cleveland,37,23,18,20,98,219.5,218,110,105.5
2022-11-16,566,H,Milwaukee,34,27,34,18,113,3,2,-130,1.5
2022-11-16,567,V,Chicago,28,25,25,32,110,226.5,226.5,105,1
2022-11-16,568,H,NewOrleans,32,26,37,29,124,4,1.5,-125,116
2022-11-16,569,V,Houston,31,26,19,25,101,221.5,218,210,106
2022-11-16,570,H,Dallas,28,23,23,18,92,9.5,6.5,-250,5
2022-11-16,571,V,NewYork,30,25,25,26,106,232.5,226,110,109.5
2022-11-16,572,H,Denver,27,27,30,19,103,8,2,-130,2
2022-11-16,573,V,GoldenState,33,32,24,30,119,226.5,2.5,-140,3.5
2022-11-16,574,H,Phoenix,36,36,31,27,130,1.5,227,120,111.5
2022-11-17,501,V,Brooklyn,28,29,28,24,109,220.5,220.5,120,106.5
2022-11-17,502,H,Portland,28,33,21,25,107,2.5,3,-140,1
2022-11-17,503,V,SanAntonio,28,28,26,30,112,237.5,236.5,245,115
2022-11-17,504,H,Sacramento,37,26,26,41,130,6.5,7.5,-290,2
2022-11-17,505,V,Detroit,23,27,17,24,91,216.5,219,400,107
2022-11-17,506,H,LAClippers,15,27,26,28,96,9,10.5,-500,10
2022-11-18,507,V,Miami,31,38,19,16,106,1.5,216.5,260,106
2022-11-18,508,H,Washington,33,24,24,23,107,218.5,8,-310,8
2022-11-18,509,V,Milwaukee,34,28,22,18,102,218.5,1,-120,108.5
2022-11-18,510,H,Philadelphia,24,31,34,21,110,1.5,212.5,100,0.5
2022-11-18,511,V,Charlotte,14,32,24,35,122,222,220,400,107
2022-11-18,512,H,Cleveland,28,30,24,23,132,9,10,-500,1.5
2022-11-18,513,V,Indiana,10,35,26,28,99,2,5.5,-220,4
2022-11-18,514,H,Houston,25,25,20,21,91,232.5,236,190,113
2022-11-18,515,V,OklahomaCity,28,31,24,27,110,229.5,230,200,111.5
2022-11-18,516,H,Memphis,33,30,29,29,121,7,6.5,-240,2.5
2022-11-18,517,V,Orlando,37,29,21,21,108,221.5,221,320,107.5
2022-11-18,518,H,Chicago,24,28,27,28,107,8,8.5,-385,9
2022-11-18,519,V,Denver,27,28,28,16,99,218.5,216,330,105.5
2022-11-18,520,H,Dallas,29,44,32,22,127,6.5,10,-400,pk
2022-11-18,521,V,Boston,40,27,22,28,117,2,3,-150,112
2022-11-18,522,H,NewOrleans,25,32,21,31,109,227.5,227.5,130,1.5
2022-11-18,523,V,Phoenix,35,31,39,28,133,2.5,1,-115,2.5
2022-11-18,524,H,Utah,42,32,33,27,134,226.5,228,-105,116.5
2022-11-18,525,V,NewYork,19,31,24,27,101,233,234.5,230,113.5
2022-11-18,526,H,GoldenState,35,26,26,24,111,5.5,7.5,-270,0.5
2022-11-18,527,V,Detroit,37,27,31,26,121,225,225.5,210,110.5
2022-11-18,528,H,LALakers,30,38,28,32,128,6,6,-250,2.5
2022-11-19,529,V,Toronto,31,31,27,22,122,224.5,226,185,110
2022-11-19,530,H,Atlanta,29,26,27,29,124,5,5.5,-215,5
2022-11-19,531,V,Orlando,28,27,29,29,113,228.5,226.5,260,108.5
2022-11-19,532,H,Indiana,22,29,38,25,114,6,7.5,-310,6.5
2022-11-19,533,V,Minnesota,33,30,34,15,112,224,3.5,-160,105
2022-11-19,534,H,Philadelphia,23,28,31,27,109,2,217.5,140,1.5
2022-11-19,535,V,Utah,20,38,29,31,118,223.5,228,165,117
2022-11-19,536,H,Portland,23,28,28,34,113,3,4.5,-185,5
2022-11-19,537,V,SanAntonio,22,26,21,28,97,224.5,221,330,1
2022-11-19,538,H,LAClippers,40,24,27,28,119,7.5,8.5,-400,106.5
2022-11-20,539,V,NewYork,22,31,22,20,95,224.5,227,200,109
2022-11-20,540,H,Phoenix,28,27,35,26,116,5.5,6,-240,3.5
2022-11-20,541,V,Detroit,33,37,32,27,129,233,234.5,425,113
2022-11-20,542,H,Sacramento,38,30,34,35,137,8.5,10.5,-550,8
2022-11-20,543,V,Charlotte,27,28,24,23,102,225,220.5,170,112.5
2022-11-20,544,H,Washington,35,24,18,29,106,5.5,5,-190,2
2022-11-20,545,V,Miami,27,15,22,23,87,214.5,213,225,1.5
2022-11-20,546,H,Cleveland,28,31,36,18,113,6,7,-265,103
2022-11-20,547,V,Memphis,29,33,31,22,115,226.5,224,250,114
2022-11-20,548,H,Brooklyn,28,29,39,31,127,3.5,7.5,-300,7.5
2022-11-20,549,V,GoldenState,40,21,36,30,127,7.5,10.5,-500,9
2022-11-20,550,H,Houston,28,37,29,26,120,232,233,400,113
2022-11-20,551,V,Denver,25,30,24,19,98,218,217.5,400,105
2022-11-20,552,H,Dallas,25,31,18,23,97,8,10.5,-500,4.5
2022-11-20,553,V,SanAntonio,20,28,19,25,92,227.5,228,200,3
2022-11-20,554,H,LALakers,34,32,29,28,123,5.5,6,-240,110.5
2022-11-21,555,V,Atlanta,26,33,23,20,102,226.5,228,130,110
2022-11-21,556,H,Cleveland,38,26,21,29,114,3,3.5,-150,0.5
2022-11-21,557,V,Orlando,28,17,22,35,102,226.5,225.5,230,108.5
2022-11-21,558,H,Indiana,27,27,32,37,123,7,7,-270,1
2022-11-21,559,V,GoldenState,16,25,24,18,83,229.5,227.5,450,110
2022-11-21,560,H,NewOrleans,35,30,32,31,128,5.5,11.5,-600,pk
2022-11-21,561,V,Portland,32,29,18,32,111,217.5,214,375,104.5
2022-11-21,562,H,Milwaukee,30,33,30,26,119,7.5,9.5,-450,5.5
2022-11-21,563,V,NewYork,38,31,29,31,129,232,227.5,105,109.5
2022-11-21,564,H,OklahomaCity,34,24,29,32,119,2.5,2,-125,3
2022-11-21,565,V,Boston,23,27,29,28,107,6,5.5,-200,6.5
2022-11-21,566,H,Chicago,28,35,32,26,121,226,230,175,111.5
2022-11-21,567,V,Miami,33,27,19,22,101,216.5,220.5,300,105.5
2022-11-21,568,H,Minnesota,30,17,37,21,105,8.5,8.5,-360,8
2022-11-21,569,V,Utah,24,32,37,21,114,221.5,222.5,120,2.5
2022-11-21,570,H,LAClippers,34,32,22,33,121,4,2,-140,113.5
2022-11-22,571,V,Brooklyn,26,31,25,24,106,7,8,-320,9
2022-11-22,572,H,Philadelphia,33,30,22,30,115,217.5,217,265,106
2022-11-22,573,V,Sacramento,28,36,24,25,113,236.5,237,130,115
2022-11-22,574,H,Memphis,31,28,17,33,109,1.5,3,-150,2
2022-11-22,575,V,Detroit,28,30,25,27,110,221,227.5,475,110.5
2022-11-22,576,H,Denver,29,28,24,27,108,7,12,-650,8
2022-11-22,577,V,LALakers,22,33,24,26,105,227.5,227,350,114.5
2022-11-22,578,H,Phoenix,26,27,33,29,115,7,9.5,-420,7.5
2022-11-23,501,V,Minnesota,29,24,34,28,115,235,2,-135,113.5
2022-11-23,502,H,Indiana,21,27,29,24,101,pk,237.5,115,0.5
2022-11-23,503,V,Philadelphia,33,21,21,26,101,214.5,215.5,155,105.5
2022-11-23,504,H,Charlotte,21,32,26,28,107,3.5,4,-175,3
2022-11-23,505,V,Portland,21,27,27,21,96,218,213.5,240,102.5
2022-11-23,506,H,Cleveland,28,29,30,27,114,8,7.5,-280,1
2022-11-23,507,V,Brooklyn,38,14,39,21,112,221.5,2.5,-140,1.5
2022-11-23,508,H,Toronto,26,25,25,22,98,1.5,223,120,108
2022-11-23,509,V,Washington,26,17,37,25,105,211.5,209.5,170,3
2022-11-23,510,H,Miami,28,32,23,30,113,1.5,5,-190,107.5
2022-11-23,511,V,Dallas,23,26,36,27,112,220.5,221,185,3
2022-11-23,512,H,Boston,34,36,31,24,125,6,6,-215,107
2022-11-23,513,V,Sacramento,26,31,31,18,106,238.5,241.5,165,2.5
2022-11-23,514,H,Atlanta,35,37,25,18,115,6.5,4.5,-185,117.5
2022-11-23,515,V,Denver,38,31,15,36,131,2.5,230,-110,112
2022-11-23,516,H,OklahomaCity,21,42,34,23,126,229,1,-110,1
2022-11-23,517,V,Chicago,32,29,29,28,118,220.5,224,220,114
2022-11-23,518,H,Milwaukee,33,29,21,30,113,7,7,-260,4.5
2022-11-23,519,V,NewOrleans,29,37,38,25,129,7,5.5,-200,115.5
2022-11-23,520,H,SanAntonio,19,28,38,25,110,231,227.5,175,3.5
2022-11-23,521,V,Detroit,30,36,32,27,125,226,233.5,475,113
2022-11-23,522,H,Utah,25,29,36,26,116,10,12,-650,10
2022-11-23,523,V,LAClippers,29,18,35,25,107,223,222.5,375,113
2022-11-23,524,H,GoldenState,32,34,32,26,124,5,10,-450,pk
2022-11-25,525,V,Minnesota,34,28,21,25,108,3,6.5,-250,110.5
2022-11-25,526,H,Charlotte,29,23,39,19,110,225,226.5,210,pk
2022-11-25,527,V,Philadelphia,24,28,30,25,107,217.5,215,105,104
2022-11-25,528,H,Orlando,29,27,20,23,99,1,1.5,-125,pk
2022-11-25,529,V,Portland,25,37,30,24,132,222.5,217,150,105
2022-11-25,530,H,NewYork,31,30,25,30,129,4.5,4,-170,3.5
2022-11-25,531,V,NewOrleans,25,23,29,34,111,229.5,227,110,4.5
2022-11-25,532,H,Memphis,44,24,38,26,132,pk,2.5,-130,115
2022-11-25,533,V,Brooklyn,35,30,29,23,117,2.5,3.5,-155,113.5
2022-11-25,534,H,Indiana,23,34,31,40,128,233.5,233.5,135,0.5
2022-11-25,535,V,Cleveland,30,33,10,29,102,219,215.5,160,105
2022-11-25,536,H,Milwaukee,25,27,35,30,117,2.5,4,-180,4.5
2022-11-25,537,V,Atlanta,33,39,32,18,122,6.5,7,-290,3.5
2022-11-25,538,H,Houston,38,31,25,34,128,235.5,232.5,245,113.5
2022-11-25,539,V,Chicago,30,29,21,30,119,231,3,-150,2.5
2022-11-25,540,H,OklahomaCity,32,27,28,23,123,pk,232.5,130,118
2022-11-25,541,V,Sacramento,22,40,22,20,104,232,238.5,250,115.5
2022-11-25,542,H,Boston,36,28,30,28,122,7.5,7.5,-300,4
2022-11-25,543,V,Washington,38,21,26,22,107,211.5,214.5,135,110.5
2022-11-25,544,H,Miami,28,28,29,25,110,4.5,3,-155,2
2022-11-25,545,V,LALakers,33,26,20,26,105,4,4,-165,118.5
2022-11-25,546,H,SanAntonio,21,20,34,19,94,228.5,235,145,3.5
2022-11-25,547,V,Detroit,22,32,25,23,102,226.5,224.5,600,107.5
2022-11-25,548,H,Phoenix,23,30,31,24,108,11,12,-900,8
2022-11-25,549,V,Utah,23,28,35,32,118,233,239.5,260,121
2022-11-25,550,H,GoldenState,37,22,38,32,129,6,8,-315,2.5
2022-11-25,551,V,Denver,31,33,23,27,114,1,4,-170,106
2022-11-25,552,H,LAClippers,26,26,25,27,104,221,219,150,2
2022-11-26,553,V,Dallas,29,23,21,27,100,2,2.5,-140,3
2022-11-26,554,H,Toronto,24,30,27,24,105,215.5,215,120,103.5
2022-11-26,555,V,OklahomaCity,22,22,29,32,105,233,2,-130,6
2022-11-26,556,H,Houston,23,42,30,23,118,pk,231.5,110,112
2022-11-26,557,V,LALakers,33,37,36,37,143,3,231.5,-105,0.5
2022-11-26,558,H,SanAntonio,34,34,29,41,138,231,1,-115,118
2022-11-26,559,V,Utah,32,22,27,31,112,229,232,190,119.5
2022-11-26,560,H,Phoenix,22,29,27,35,113,7.5,6,-220,5.5
2022-11-27,561,V,Portland,24,33,23,17,97,222.5,223.5,260,108
2022-11-27,562,H,Brooklyn,31,27,26,27,111,5.5,8,-310,4.5
2022-11-27,563,V,GoldenState,47,29,33,28,137,1,1.5,-120,115
2022-11-27,564,H,Minnesota,27,29,33,25,114,233.5,237,100,5
2022-11-27,565,V,Indiana,29,28,12,31,100,222.5,1.5,-125,1
2022-11-27,566,H,LAClippers,35,24,23,32,114,pk,220.5,105,108
2022-11-27,567,V,Miami,23,28,34,21,106,222,226,145,0.5
2022-11-27,568,H,Atlanta,31,29,21,17,98,4.5,4,-165,109.5
2022-11-27,569,V,Philadelphia,36,31,32,34,133,215,213,-110,103
2022-11-27,570,H,Orlando,32,13,26,32,103,1,1,-110,6.5
2022-11-27,571,V,Washington,26,29,33,33,121,226.5,220.5,270,1
2022-11-27,572,H,Boston,35,37,41,17,130,9,8,-330,112
2022-11-27,573,V,Memphis,25,29,39,34,127,1.5,1.5,-125,0.5
2022-11-27,574,H,NewYork,26,26,31,40,123,230,228.5,105,116.5
2022-11-27,575,V,Cleveland,20,31,22,29,102,6,7.5,-300,7
2022-11-27,576,H,Detroit,26,30,22,16,94,223,217.5,250,105
2022-11-27,577,V,Dallas,33,29,34,19,115,216.5,215.5,190,0.5
2022-11-27,578,H,Milwaukee,41,32,31,20,124,5,5.5,-220,106.5
2022-11-28,501,V,Atlanta,34,21,26,20,101,1.5,220.5,110,107
2022-11-28,502,H,Philadelphia,23,28,30,23,104,221,2.5,-130,2
2022-11-28,503,V,Minnesota,33,25,39,30,127,1,228,-105,5.5
2022-11-28,504,H,Washington,38,39,32,33,142,227.5,1,-115,110.5
2022-11-28,505,V,Orlando,28,23,25,26,102,222.5,224,500,108.5
2022-11-28,506,H,Brooklyn,23,29,35,22,109,11,12,-700,7
2022-11-28,507,V,Cleveland,24,19,24,21,88,213,218,175,0.5
2022-11-28,508,H,Toronto,26,26,28,20,100,1.5,5,-200,104
2022-11-28,509,V,Charlotte,19,36,27,23,105,220.5,225,475,0.5
2022-11-28,510,H,Boston,45,33,43,19,140,11,11.5,-650,110
2022-11-28,511,V,OklahomaCity,26,24,24,27,101,231,232.5,180,118
2022-11-28,512,H,NewOrleans,34,22,25,24,105,7,5.5,-210,1
2022-11-28,513,V,Houston,39,29,23,22,113,232,228,450,111
2022-11-28,514,H,Denver,42,28,36,23,129,10.5,11,-600,6
2022-11-28,515,V,Chicago,27,26,33,28,114,235,235,115,1
2022-11-28,516,H,Utah,27,33,20,27,107,3,2,-135,120
2022-11-28,517,V,Phoenix,31,32,28,31,122,231,234,-110,118.5
2022-11-28,518,H,Sacramento,26,38,20,33,117,pk,pk,-110,pk
2022-11-28,519,V,Indiana,29,27,28,32,116,235,238,145,115
2022-11-28,520,H,LALakers,32,30,31,22,115,4.5,3.5,-165,pk
2022-11-29,521,V,NewYork,40,30,38,32,140,2.5,4.5,-175,109
2022-11-29,522,H,Detroit,32,24,21,33,110,224.5,225.5,155,2
2022-11-29,523,V,GoldenState,24,30,33,26,113,2,227,-105,111
2022-11-29,524,H,Dallas,36,19,37,24,116,225.5,1.5,-115,0.5
2022-11-29,525,V,LAClippers,25,28,29,36,118,217.5,211,145,0.5
2022-11-29,526,H,Portland,30,31,34,17,112,2,4,-165,107
2022-11-30,527,V,Philadelphia,21,27,18,19,85,210.5,209,145,4.5
2022-11-30,528,H,Cleveland,25,44,21,23,113,4.5,4,-165,100
2022-11-30,529,V,Atlanta,38,32,30,25,125,5.5,6.5,-240,110.5
2022-11-30,530,H,Orlando,27,23,26,32,108,226.5,228,200,2.5
2022-11-30,531,V,Miami,35,25,36,25,121,223.5,223.5,380,109
2022-11-30,532,H,Boston,38,30,34,32,134,8,9.5,-460,3
2022-11-30,533,V,Milwaukee,22,25,27,35,109,4.5,6,-240,3
2022-11-30,534,H,NewYork,20,25,26,32,103,227,227.5,200,115
2022-11-30,535,V,Washington,28,25,24,30,107,222.5,228,190,116.5
2022-11-30,536,H,Brooklyn,29,28,23,33,113,5.5,5.5,-220,2
2022-11-30,537,V,SanAntonio,35,42,19,15,111,237.5,230,130,111.5
2022-11-30,538,H,OklahomaCity,32,28,28,31,119,4.5,3,-150,5.5
2022-11-30,539,V,Memphis,26,22,24,29,101,4,3,-150,0.5
2022-11-30,540,H,Minnesota,27,17,31,34,109,233,231.5,130,118
2022-11-30,541,V,Toronto,29,18,31,30,108,224.5,2.5,-145,7.5
2022-11-30,542,H,NewOrleans,40,34,28,24,126,2,221.5,125,107.5
2022-11-30,543,V,Houston,24,23,25,28,100,231.5,230,500,1.5
2022-11-30,544,H,Denver,44,30,22,24,120,11.5,11,-700,110.5
2022-11-30,545,V,LAClippers,26,34,25,27,112,226.5,223,250,114
2022-11-30,546,H,Utah,35,23,36,31,125,6.5,7.5,-300,6
2022-11-30,547,V,Chicago,25,18,38,32,113,223,226.5,180,3.5
2022-11-30,548,H,Phoenix,32,32,42,26,132,5,5.5,-210,115.5
2022-11-30,549,V,Indiana,20,28,35,31,114,233.5,242.5,160,2.5
2022-11-30,550,H,Sacramento,33,29,44,31,137,4.5,4.5,-180,118.5
2022-11-30,551,V,Portland,22,40,20,27,109,226,224,195,108.5
2022-11-30,552,H,LALakers,24,42,31,31,128,5,6,-230,3
2022-12-01,553,V,Dallas,36,24,29,28,125,6.5,8,-320,5.5
2022-12-01,554,H,Detroit,36,25,38,18,131,223,220.5,265,107
2022-12-02,555,V,Washington,31,28,29,28,116,2,4,-170,5.5
2022-12-02,556,H,Charlotte,36,38,33,10,117,222,225.5,150,114.5
2022-12-02,557,V,Miami,27,32,22,29,120,224.5,227.5,235,111
2022-12-02,558,H,Boston,27,35,25,23,116,8.5,7,-275,3.5
2022-12-02,559,V,LALakers,33,33,35,32,133,225,231,300,117
2022-12-02,560,H,Milwaukee,31,27,39,32,129,8,8.5,-360,9
2022-12-02,561,V,Denver,25,21,35,28,109,231,5,-200,6
2022-12-02,562,H,Atlanta,28,32,30,27,117,2,225.5,175,108
2022-12-02,563,V,Toronto,17,32,23,33,105,221,223,105,6
2022-12-02,564,H,Brooklyn,41,31,21,21,114,3,1.5,-125,108
2022-12-02,565,V,Orlando,25,22,17,32,96,215,217.5,450,105.5
2022-12-02,566,H,Cleveland,27,27,28,25,107,9.5,11,-600,4
2022-12-02,567,V,Philadelphia,30,24,22,33,109,219.5,218,170,1
2022-12-02,568,H,Memphis,29,35,28,25,117,5,4.5,-190,106
2022-12-02,569,V,NewOrleans,26,23,32,36,117,7,7,-275,6
2022-12-02,570,H,SanAntonio,24,28,19,28,99,232,232.5,235,118.5
2022-12-02,571,V,Houston,27,30,29,36,122,229,229.5,475,111.5
2022-12-02,572,H,Phoenix,36,28,32,25,121,10.5,11.5,-650,4
2022-12-02,573,V,Indiana,24,35,22,38,119,237.5,240,150,3.5
2022-12-02,574,H,Utah,35,40,26,38,139,5,3.5,-170,117
2022-12-02,575,V,Chicago,33,19,30,29,111,234,237.5,230,120.5
2022-12-02,576,H,GoldenState,35,28,33,23,119,6.5,7,-270,0.5
2022-12-03,501,V,Dallas,20,32,41,28,121,1.5,1.5,-120,1.5
2022-12-03,502,H,NewYork,32,27,15,26,100,227.5,224,100,108.5
2022-12-03,503,V,Sacramento,38,22,30,33,123,225.5,3.5,-160,110.5
2022-12-03,504,H,LAClippers,24,14,31,27,96,1.5,228,140,4.5
2022-12-03,505,V,Milwaukee,30,26,28,21,105,6,1.5,-125,112.5
2022-12-03,506,H,Charlotte,24,21,28,23,96,223.5,220,105,2.5
2022-12-03,507,V,Orlando,22,26,25,35,108,217.5,220.5,450,106.5
2022-12-03,508,H,Toronto,36,28,30,27,121,10,11.5,-600,2
2022-12-03,509,V,OklahomaCity,32,31,34,38,135,233.5,233.5,180,115
2022-12-03,510,H,Minnesota,29,28,44,27,128,4,5.5,-210,3.5
2022-12-03,511,V,Houston,23,29,28,21,101,233.5,235,450,114.5
2022-12-03,512,H,GoldenState,39,29,26,26,120,9.5,11.5,-600,1.5
2022-12-03,513,V,Portland,40,29,23,24,116,226.5,227.5,170,110.5
2022-12-03,514,H,Utah,31,29,30,21,111,5,5,-190,5
2022-12-04,515,V,Denver,31,29,21,25,106,1,230,110,112.5
2022-12-04,516,H,NewOrleans,27,32,28,34,121,229,1.5,-130,2
2022-12-04,517,V,Phoenix,35,36,35,27,133,10,10,-450,116.5
2022-12-04,518,H,SanAntonio,30,11,30,24,95,229,230.5,375,2
2022-12-04,519,V,Chicago,27,20,31,23,101,236.5,239.5,130,3
2022-12-04,520,H,Sacramento,29,33,20,28,110,2.5,3,-150,121.5
2022-12-04,521,V,Memphis,40,29,32,21,122,7,7,-250,117.5
2022-12-04,522,H,Detroit,26,31,26,29,112,232,228.5,210,0.5
2022-12-04,523,V,LALakers,33,35,37,25,130,233,233,115,118
2022-12-04,524,H,Washington,27,23,31,38,119,2,2,-135,5
2022-12-04,525,V,Cleveland,16,27,20,18,81,2.5,2.5,-145,2
2022-12-04,526,H,NewYork,23,23,25,21,92,225.5,222.5,125,108
2022-12-04,527,V,Boston,35,27,13,28,103,3.5,2.5,-130,111.5
2022-12-04,528,H,Brooklyn,27,23,19,23,92,234,230.5,110,2.5
2022-12-04,529,V,Indiana,24,25,25,26,100,236.5,232.5,175,113
2022-12-04,530,H,Portland,28,26,39,23,116,3.5,5,-200,1.5
2022-12-05,531,V,Milwaukee,30,26,32,21,109,8.5,10.5,-550,2.5
2022-12-05,532,H,Orlando,21,24,27,30,102,224.5,226,425,115
2022-12-05,533,V,LAClippers,28,35,21,35,119,3,6,-240,1
2022-12-05,534,H,Charlotte,26,28,36,27,117,217,215,200,111.5
2022-12-05,535,V,Boston,27,29,35,25,116,1,228.5,100,0.5
2022-12-05,536,H,Toronto,25,37,18,30,110,227,1.5,-120,110.5
2022-12-05,537,V,OklahomaCity,27,27,30,37,121,231.5,236.5,200,120
2022-12-05,538,H,Atlanta,29,30,29,26,114,6,6.5,-240,2.5
2022-12-05,539,V,Philadelphia,30,25,29,24,123,5.5,8,-330,7
2022-12-05,540,H,Houston,27,29,34,18,132,220,222.5,270,108.5
2022-12-05,541,V,Miami,32,19,26,16,93,224.5,5,-210,5.5
2022-12-05,542,H,Memphis,27,31,24,19,101,1.5,219,180,106
2022-12-05,543,V,Phoenix,15,26,34,36,111,221.5,223,130,5.5
2022-12-05,544,H,Dallas,33,34,29,34,130,3.5,3,-150,114
2022-12-05,545,V,Indiana,34,25,30,23,112,241.5,240,500,116.5
2022-12-05,546,H,GoldenState,21,29,31,23,104,9,12,-700,12
2022-12-06,547,V,LALakers,26,23,34,19,102,223.5,224.5,185,114.5
2022-12-06,548,H,Cleveland,27,30,28,31,116,4,6,-215,2
2022-12-06,549,V,Detroit,20,27,31,38,116,222,220,250,106.5
2022-12-06,550,H,Miami,25,25,23,23,96,8.5,7.5,-300,4
2022-12-06,551,V,Dallas,36,28,27,25,116,223,223.5,165,108
2022-12-06,552,H,Denver,29,29,28,29,115,4.5,4,-185,4
2022-12-07,553,V,LAClippers,32,17,29,21,111,5.5,6.5,-250,1
2022-12-07,554,H,Orlando,14,26,31,28,116,219.5,216.5,210,109
2022-12-07,555,V,LALakers,31,16,28,38,113,224,229,525,116
2022-12-07,556,H,Toronto,39,31,27,29,126,5,12.5,-750,1
2022-12-07,557,V,Atlanta,20,21,26,22,89,228,232.5,120,2.5
2022-12-07,558,H,NewYork,31,22,36,24,113,3,2.5,-140,111.5
2022-12-07,559,V,Charlotte,28,27,32,29,116,222.5,223,375,108
2022-12-07,560,H,Brooklyn,38,35,23,26,122,8.5,10,-450,0.5
2022-12-07,561,V,Indiana,17,44,29,25,115,234,238,170,115.5
2022-12-07,562,H,Minnesota,35,28,27,31,121,3.5,5,-190,2.5
2022-12-07,563,V,Sacramento,29,32,33,19,113,235,236,210,115
2022-12-07,564,H,Milwaukee,34,34,29,29,126,6,6.5,-250,2
2022-12-07,565,V,OklahomaCity,25,27,35,15,102,232.5,233,290,112.5
2022-12-07,566,H,Memphis,27,30,37,29,123,5.5,8.5,-350,3.5
2022-12-07,567,V,Detroit,28,15,30,25,98,226,229,425,110.5
2022-12-07,568,H,NewOrleans,27,29,23,25,104,10,11,-550,2
2022-12-07,569,V,Washington,22,27,32,30,111,224,227,175,115.5
2022-12-07,570,H,Chicago,29,23,28,35,115,4.5,5,-200,2
2022-12-07,571,V,GoldenState,35,34,22,32,123,1,230.5,180,113
2022-12-07,572,H,Utah,30,36,34,24,124,236,5.5,-210,4.5
2022-12-07,573,V,Boston,31,38,35,21,125,228.5,230.5,110,111
2022-12-07,574,H,Phoenix,21,21,23,33,98,1,2,-130,7
2022-12-08,575,V,LAClippers,28,26,33,23,110,214.5,211,210,107
2022-12-08,576,H,Miami,20,36,28,31,115,2.5,6.5,-250,3.5
2022-12-08,577,V,Houston,29,25,23,32,109,234,2,-130,0.5
2022-12-08,578,H,SanAntonio,24,27,39,28,118,1,230.5,110,111
2022-12-08,579,V,Denver,30,33,26,32,121,1,2,-130,1
2022-12-08,580,H,Portland,36,28,35,21,120,226.5,227.5,110,111.5
2022-12-09,501,V,NewYork,22,33,34,32,121,3.5,4,-175,0.5
2022-12-09,502,H,Charlotte,20,29,22,31,102,222.5,224,155,108.5
2022-12-09,503,V,Toronto,25,38,24,22,109,6.5,8.5,-350,7
2022-12-09,504,H,Orlando,37,30,27,19,113,219.5,223.5,290,109
2022-12-09,505,V,Washington,33,32,24,22,111,130.5,232.5,145,118.5
2022-12-09,506,H,Indiana,31,38,26,26,121,4,4,-165,1
2022-12-09,507,V,Sacramento,31,18,30,27,106,225.5,217,140,105
2022-12-09,508,H,Cleveland,20,29,31,15,95,5.5,3.5,-160,3
2022-12-09,509,V,LALakers,20,39,24,37,122,223.5,227.5,175,115.5
2022-12-09,510,H,Philadelphia,31,30,32,27,133,3.5,5,-200,2.5
2022-12-09,511,V,Atlanta,30,34,26,26,116,228.5,232.5,240,113.5
2022-12-09,512,H,Brooklyn,36,32,28,24,120,6.5,7,-280,3
2022-12-09,513,V,Detroit,27,26,25,25,103,227.5,227.5,425,110
2022-12-09,514,H,Memphis,34,27,37,16,114,10.5,11,-550,3.5
2022-12-09,515,V,Phoenix,27,25,30,35,117,1.5,1.5,-125,1
2022-12-09,516,H,NewOrleans,26,29,40,33,128,226.5,229,105,117
2022-12-09,517,V,Minnesota,28,33,21,36,118,235.5,234.5,-110,113
2022-12-09,518,H,Utah,24,22,33,29,108,4.5,pk,-110,4
2022-12-09,519,V,Milwaukee,32,20,21,33,106,1,224.5,-105,114
2022-12-09,520,H,Dallas,33,15,36,21,105,219.5,1,-115,1
2022-12-10,521,V,SanAntonio,25,34,27,29,115,224.5,223,500,108
2022-12-10,522,H,Miami,29,28,27,27,111,10,12,-700,8
2022-12-10,523,V,Brooklyn,40,29,26,41,136,3.5,226,270,109.5
2022-12-10,524,H,Indiana,38,38,24,33,133,228.5,8.5,-330,2.5
2022-12-10,525,V,LAClippers,28,32,26,28,114,2,5,-200,4.5
2022-12-10,526,H,Washington,29,34,21,23,107,221.5,218.5,175,111.5
2022-12-10,527,V,OklahomaCity,22,24,26,30,102,225,218.5,170,2
2022-12-10,528,H,Cleveland,28,31,23,28,110,6.5,4.5,-190,105.5
2022-12-10,529,V,Dallas,30,23,32,30,115,1,220.5,175,4.5
2022-12-10,530,H,Chicago,40,42,31,31,144,223.5,5,-200,108.5
2022-12-10,531,V,Boston,25,38,20,24,107,3,2.5,-135,2
2022-12-10,532,H,GoldenState,33,35,27,28,123,232.5,237,115,115.5
2022-12-10,533,V,Utah,26,26,38,20,110,230.5,228.5,450,115
2022-12-10,534,H,Denver,28,33,31,23,115,4.5,11.5,-600,3.5
2022-12-10,535,V,Minnesota,27,39,26,26,118,228,230,180,112
2022-12-10,536,H,Portland,32,33,29,30,124,5,5.5,-210,4
2022-12-11,537,V,Phoenix,36,22,35,24,124,225.5,226.5,145,115.5
2022-12-11,538,H,NewOrleans,29,28,41,19,129,2.5,3.5,-165,2.5
2022-12-11,539,V,Sacramento,22,28,30,19,99,231.5,226,120,3.5
2022-12-11,540,H,NewYork,36,30,29,17,112,1.5,2.5,-140,109.5
2022-12-11,541,V,Toronto,19,20,36,24,99,6,6.5,-250,5.5
2022-12-11,542,H,Orlando,18,29,35,29,111,224,223,210,107
2022-12-11,543,V,Charlotte,21,33,33,26,113,223,219.5,400,107.5
2022-12-11,544,H,Philadelphia,20,41,35,35,131,10,10.5,-500,3.5
2022-12-11,545,V,LALakers,32,29,30,33,124,5.5,5,-200,118
2022-12-11,546,H,Detroit,26,23,41,27,117,233,234,175,0.5
2022-12-11,547,V,Chicago,27,23,28,32,122,228,235.5,140,1
2022-12-11,548,H,Atlanta,22,36,27,25,123,1,3.5,-160,120
2022-12-11,549,V,Milwaukee,25,23,31,13,92,9.5,10,-450,7.5
2022-12-11,550,H,Houston,19,31,24,23,97,231,227,375,114.5
2022-12-12,551,V,Miami,26,21,20,20,87,2,3.5,-155,0.5
2022-12-12,552,H,Indiana,19,23,22,18,82,227,229,135,110
2022-12-12,553,V,Brooklyn,29,33,32,18,112,6,6,-200,1
2022-12-12,554,H,Washington,25,30,28,17,100,227,227,175,110.5
2022-12-12,555,V,Atlanta,29,22,25,27,103,227.5,220.5,350,108
2022-12-12,556,H,Memphis,35,27,40,26,128,6.5,9.5,-420,2.5
2022-12-12,557,V,Cleveland,27,22,29,33,111,5.5,9.5,-410,9.5
2022-12-12,558,H,SanAntonio,29,36,27,20,112,223.5,221.5,340,108
2022-12-12,559,V,OklahomaCity,28,24,38,24,114,227,226.5,290,110
2022-12-12,560,H,Dallas,23,43,31,24,121,6.5,8.5,-350,0.5
2022-12-12,561,V,Minnesota,27,32,25,28,112,231.5,229.5,150,1.5
2022-12-12,562,H,Portland,33,37,36,27,133,5,4,-170,111.5
2022-12-12,563,V,Boston,25,22,25,21,93,4,4,-175,4
2022-12-12,564,H,LAClippers,29,27,32,25,113,226.5,225,155,110
2022-12-13,565,V,Sacramento,32,23,28,20,103,225.5,229.5,145,3.5
2022-12-13,566,H,Philadelphia,39,41,21,22,123,4.5,4,-165,112
2022-12-13,567,V,GoldenState,27,25,25,34,111,227.5,232,125,2.5
2022-12-13,568,H,Milwaukee,38,26,31,33,128,3.5,3,-145,113
2022-12-13,569,V,Phoenix,20,15,32,30,97,6.5,6.5,-240,9
2022-12-13,570,H,Houston,27,27,30,27,111,228.5,224,200,112.5
2022-12-13,571,V,NewOrleans,30,15,26,29,100,1.5,2,-130,3.5
2022-12-13,572,H,Utah,29,23,39,30,121,230.5,232.5,110,118.5
2022-12-13,573,V,Boston,37,28,23,22,122,3.5,4,-170,115
2022-12-13,574,H,LALakers,24,26,32,28,118,232.5,237,150,3
2022-12-14,501,V,GoldenState,26,28,33,32,119,1.5,1.5,-120,7
2022-12-14,502,H,Indiana,27,47,19,32,125,235.5,239,100,114.5
2022-12-14,503,V,Atlanta,22,40,32,30,124,3.5,3,-145,5.5
2022-12-14,504,H,Orlando,50,26,29,30,135,224.5,226,125,110
2022-12-14,505,V,Detroit,35,38,34,20,141,222.5,230,165,111.5
2022-12-14,506,H,Charlotte,33,36,28,30,134,pk,4.5,-185,3
2022-12-14,507,V,Sacramento,23,36,29,36,124,226.5,232,175,112.5
2022-12-14,508,H,Toronto,31,31,32,29,123,3.5,5,-200,2.5
2022-12-14,509,V,NewYork,29,35,28,25,128,224.5,226.5,135,109
2022-12-14,510,H,Chicago,28,27,33,29,120,3.5,3.5,-155,3.5
2022-12-14,511,V,Miami,31,33,22,24,110,3.5,2.5,-140,107
2022-12-14,512,H,OklahomaCity,31,21,32,24,108,225.5,222.5,120,3
2022-12-14,513,V,Portland,39,34,24,31,128,5,7.5,-310,111.5
2022-12-14,514,H,SanAntonio,28,29,32,23,112,230,231,260,1
2022-12-14,515,V,Cleveland,26,34,23,22,105,214.5,217,120,105
2022-12-14,516,H,Dallas,19,22,27,22,90,2.5,2.5,-140,6
2022-12-14,517,V,Washington,31,36,28,33,128,224.5,224.5,475,115.5
2022-12-14,518,H,Denver,38,34,30,39,141,8,11.5,-650,4.5
2022-12-14,519,V,Minnesota,21,22,22,23,88,224.5,221.5,225,107
2022-12-14,520,H,LAClippers,19,19,29,32,99,5,7,-265,6
2022-12-15,521,V,Milwaukee,18,23,30,30,101,229.5,226.5,125,6
2022-12-15,522,H,Memphis,33,37,47,25,142,1.5,3.5,-145,115.5
2022-12-15,523,V,Miami,29,37,20,25,111,5,3,-155,104.5
2022-12-15,524,H,Houston,29,23,33,23,108,223,216.5,135,3
2022-12-15,525,V,NewOrleans,25,37,33,28,129,2,1.5,-120,0.5
2022-12-15,526,H,Utah,27,31,33,32,132,231.5,232,100,119
2022-12-15,527,V,Phoenix,29,35,25,22,111,220,6.5,-240,110.5
2022-12-15,528,H,LAClippers,18,19,33,25,95,1.5,218.5,200,3
2022-12-16,529,V,Sacramento,28,27,38,29,122,4,6,-240,5.5
2022-12-16,530,H,Detroit,29,34,23,27,113,234,237,200,115.5
2022-12-16,531,V,Atlanta,38,37,23,27,125,1.5,240.5,120,116
2022-12-16,532,H,Charlotte,24,35,33,14,106,227.5,2.5,-140,5
2022-12-16,533,V,Orlando,32,30,26,29,117,227,225.5,650,110
2022-12-16,534,H,Boston,28,26,27,28,109,12,13,-1000,11.5
2022-12-16,535,V,Brooklyn,19,33,36,31,119,1,1,-120,3
2022-12-16,536,H,Toronto,29,33,22,32,116,225.5,224.5,100,108
2022-12-16,537,V,Indiana,31,30,33,18,112,226.5,222,250,108.5
2022-12-16,538,H,Cleveland,29,25,29,35,118,7,8,-300,8
2022-12-16,539,V,GoldenState,38,19,24,25,106,231.5,222.5,320,108
2022-12-16,540,H,Philadelphia,33,22,33,30,118,6,8.5,-380,6.5
2022-12-16,541,V,Minnesota,30,33,25,24,112,231.5,234.5,155,113
2022-12-16,542,H,OklahomaCity,28,22,41,19,110,pk,4.5,-175,5.5
2022-12-16,543,V,NewYork,29,29,29,27,114,228.5,226,120,109.5
2022-12-16,544,H,Chicago,32,21,22,16,91,2.5,2.5,-140,2
2022-12-16,545,V,Portland,32,31,22,25,110,20,227,160,1
2022-12-16,546,H,Dallas,31,41,38,20,130,4.5,4,-180,110.5
2022-12-16,547,V,Denver,32,33,23,20,108,1,2,-130,1
2022-12-16,548,H,LALakers,33,31,29,33,126,237.5,236.5,110,114.5
2022-12-17,549,V,Washington,28,29,18,18,93,220.5,219,175,112.5
2022-12-17,550,H,LAClippers,20,30,22,30,102,7.5,5,-200,4.5
2022-12-17,551,V,Miami,25,27,28,31,111,6,8,-330,6.5
2022-12-17,552,H,SanAntonio,28,27,29,17,101,221.5,222.5,270,107
2022-12-17,553,V,Portland,33,24,28,22,107,3.5,3,-150,111.5
2022-12-17,554,H,Houston,27,24,14,30,95,228.5,228,130,pk
2022-12-17,555,V,Dallas,29,20,26,21,99,215.5,212.5,290,103.5
2022-12-17,556,H,Cleveland,27,20,20,29,100,4,8.5,-350,7
2022-12-17,557,V,Memphis,21,22,33,33,109,5.5,11,-550,9
2022-12-17,558,H,OklahomaCity,25,39,27,24,115,233.5,229.5,425,115.5
2022-12-17,559,V,Utah,22,25,36,14,97,230.5,226.5,105,1.5
2022-12-17,560,H,Milwaukee,27,29,36,31,123,5.5,1.5,-125,115
2022-12-17,561,V,NewOrleans,34,29,26,25,114,228.5,227.5,130,116
2022-12-17,562,H,Phoenix,27,19,38,34,118,3,3,-150,6.5
2022-12-18,563,V,Orlando,26,24,18,27,95,226,223,425,108.5
2022-12-18,564,H,Boston,23,18,30,21,92,12.5,10.5,-550,10
2022-12-18,565,V,NewYork,29,25,30,25,109,231.5,227,-110,.5+03
2022-12-18,566,H,Indiana,28,25,32,21,106,pk,1,-110,110.5
2022-12-18,567,V,Brooklyn,21,33,44,26,124,6.5,8,-350,9
2022-12-18,568,H,Detroit,35,36,25,25,121,230.5,227.5,290,110.5
2022-12-18,569,V,GoldenState,36,32,34,24,126,228.5,223,190,109
2022-12-18,570,H,Toronto,26,28,26,30,110,6,6,-220,7
2022-12-18,571,V,Chicago,34,31,32,29,126,1,1.5,-130,2
2022-12-18,572,H,Minnesota,32,39,42,37,150,229.5,234,110,118.5
2022-12-18,573,V,Charlotte,25,27,28,35,115,237,235,320,120
2022-12-18,574,H,Denver,20,35,39,25,119,8.5,9,-380,4.5
2022-12-18,575,V,Washington,29,23,36,29,117,229.5,236.5,130,3
2022-12-18,576,H,LALakers,30,36,21,32,119,6.5,3.5,-150,119.5
2022-12-19,501,V,Utah,21,23,27,28,99,224,220,210,2
2022-12-19,502,H,Cleveland,29,33,28,32,122,5.5,7,-250,112
2022-12-19,503,V,Toronto,23,23,32,21,101,219.5,220,225,0.5
2022-12-19,504,H,Philadelphia,22,35,21,21,104,7,6.5,-265,106.5
2022-12-19,505,V,Orlando,27,38,29,31,125,228,230,290,111.5
2022-12-19,506,H,Atlanta,34,34,36,22,126,7,8.5,-350,4.5
2022-12-19,507,V,Dallas,30,14,30,32,106,4,5.5,-210,6.5
2022-12-19,508,H,Minnesota,21,36,37,22,116,227.5,231,180,110
2022-12-19,509,V,Portland,28,30,36,27,121,3,4,-170,2
2022-12-19,510,H,OklahomaCity,28,33,33,29,123,230.5,232.5,150,113
2022-12-19,511,V,Milwaukee,30,36,34,28,128,225.5,227.5,-110,116.5
2022-12-19,512,H,NewOrleans,27,34,29,29,119,2,pk,-110,1
2022-12-19,513,V,SanAntonio,35,25,32,32,124,230,226.5,165,110
2022-12-19,514,H,Houston,28,34,14,29,105,4,4.5,-185,2.5
2022-12-19,515,V,LALakers,24,20,33,27,104,231.5,224.5,450,0.5
2022-12-19,516,H,Phoenix,38,30,31,31,130,8.5,11,-600,114
2022-12-19,517,V,Charlotte,39,27,25,34,125,238.5,241.5,400,117
2022-12-19,518,H,Sacramento,30,33,29,27,119,7,10,-500,7.5
2022-12-20,519,V,Utah,31,30,34,31,126,4,2,-140,1.5
2022-12-20,520,H,Detroit,24,36,25,26,111,232.5,229,120,118
2022-12-20,521,V,GoldenState,25,31,25,13,94,226,220.5,190,1
2022-12-20,522,H,NewYork,33,36,31,32,132,4.5,6.5,-220,106.5
2022-12-20,523,V,Chicago,31,21,36,25,113,224,221.5,100,0.5
2022-12-20,524,H,Miami,21,36,20,26,103,5.5,1.5,-120,113
2022-12-20,525,V,Washington,27,26,27,33,113,225.5,222.5,245,114
2022-12-20,526,H,Phoenix,30,18,30,32,110,7.5,7.5,-290,6.5
2022-12-20,527,V,Memphis,14,26,31,20,91,232.5,1.5,-125,4.5
2022-12-20,528,H,Denver,35,20,29,21,105,2,235,105,118.5
2022-12-21,529,V,Milwaukee,20,22,35,29,106,217,216.5,120,4.5
2022-12-21,530,H,Cleveland,35,25,33,21,114,2,2.5,-140,108.5
2022-12-21,531,V,Detroit,29,22,27,15,93,225,222,500,108
2022-12-21,532,H,Philadelphia,37,26,29,21,113,11.5,12,-700,3
2022-12-21,533,V,Indiana,42,29,29,17,117,230.5,232,375,111
2022-12-21,534,H,Boston,22,21,42,27,112,9.5,9.5,-450,12
2022-12-21,535,V,Chicago,30,31,20,29,110,233.5,236,175,120
2022-12-21,536,H,Atlanta,25,26,26,31,108,7,5,-200,5.5
2022-12-21,537,V,GoldenState,17,34,28,34,113,223.5,223.5,425,2
2022-12-21,538,H,Brooklyn,46,45,18,34,143,11.5,10.5,-550,109.5
2022-12-21,539,V,Toronto,28,35,24,26,113,218,217,110,105
2022-12-21,540,H,NewYork,27,26,27,26,106,1,2,-130,3.5
2022-12-21,541,V,Portland,32,22,24,20,98,3.5,3.5,-165,1
2022-12-21,542,H,OklahomaCity,22,27,29,23,101,234.5,233.5,145,111
2022-12-21,543,V,Dallas,29,22,24,29,104,3.5,2.5,-130,2
2022-12-21,544,H,Minnesota,31,21,22,25,99,227,228,110,110.5
2022-12-21,545,V,Orlando,25,29,31,31,116,2.5,223.5,-110,2
2022-12-21,546,H,Houston,31,33,23,23,110,223.5,1,-110,109
2022-12-21,547,V,LALakers,26,32,28,34,120,237.5,240,260,121.5
2022-12-21,548,H,Sacramento,25,41,40,28,134,6,8,-310,1
2022-12-21,549,V,Charlotte,19,21,34,31,105,225,228.5,290,3
2022-12-21,550,H,LAClippers,37,34,26,29,126,7,9,-350,111.5
2022-12-22,551,V,SanAntonio,17,29,29,42,117,226,228,290,1.5
2022-12-22,552,H,NewOrleans,37,28,29,32,126,7.5,8.5,-350,111
2022-12-22,553,V,Washington,27,39,24,22,112,229,231.5,220,118
2022-12-22,554,H,Utah,30,30,33,27,120,6.5,7,-260,7.5
2022-12-23,555,V,SanAntonio,28,33,28,24,113,226.5,228.5,195,111.5
2022-12-23,556,H,Orlando,34,27,33,39,133,6,6,-230,4
2022-12-23,557,V,LAClippers,33,30,22,29,114,219,214,150,110.5
2022-12-23,558,H,Philadelphia,24,27,34,34,119,3,4,-170,4.5
2022-12-23,559,V,Milwaukee,29,18,28,25,100,224.5,230,120,3
2022-12-23,560,H,Brooklyn,36,24,25,33,118,1,2,-140,116.5
2022-12-23,561,V,Minnesota,29,27,30,23,109,233,228.5,375,115.5
2022-12-23,562,H,Boston,22,32,34,33,121,9,9.5,-450,7.5
2022-12-23,563,V,Toronto,39,30,29,20,118,216.5,214,170,104
2022-12-23,564,H,Cleveland,31,22,25,29,107,5.5,4.5,-190,6.5
2022-12-23,565,V,Chicago,29,29,31,29,118,227.5,225,195,114.5
2022-12-23,566,H,NewYork,22,38,32,25,117,5,6,-230,3.5
2022-12-23,567,V,Detroit,34,29,18,24,105,232,234,350,113.5
2022-12-23,568,H,Atlanta,32,28,35,35,130,10,9.5,-420,7
2022-12-23,569,V,Indiana,31,25,28,27,111,226.5,224,205,109
2022-12-23,570,H,Miami,28,30,24,26,108,5.5,6,-245,3
2022-12-23,571,V,Dallas,30,31,20,31,112,6,7,-260,106.5
2022-12-23,572,H,Houston,24,26,34,22,106,224.5,220,220,pk
2022-12-23,573,V,NewOrleans,33,31,16,32,128,1.5,233,100,119
2022-12-23,574,H,OklahomaCity,23,23,31,35,125,231.5,1.5,-120,5.5
2022-12-23,575,V,Portland,27,37,16,27,107,230.5,233,175,113
2022-12-23,576,H,Denver,32,26,35,27,120,6,5.5,-200,4.5
2022-12-23,577,V,Washington,28,40,34,23,125,234.5,239,270,120.5
2022-12-23,578,H,Sacramento,27,23,33,28,111,7.5,7.5,-330,8.5
2022-12-23,579,V,Memphis,39,20,38,28,125,226.5,3,-150,115
2022-12-23,580,H,Phoenix,20,18,31,31,100,2,226.5,130,4.5
2022-12-23,581,V,Charlotte,27,40,30,37,134,234.5,243,130,117.5
2022-12-23,582,H,LALakers,31,36,20,43,130,3.5,3,-150,1.5
2022-12-25,587,V,Philadelphia,25,35,35,24,119,3.5,2,-125,1.5
2022-12-25,588,H,NewYork,37,26,33,16,112,219.5,215.5,105,104.5
2022-12-25,589,V,LALakers,28,26,21,40,115,218.5,231.5,260,116.5
2022-12-25,590,H,Dallas,21,22,51,30,124,4,7.5,-310,7
2022-12-25,591,V,Milwaukee,28,33,25,32,118,219.5,227,190,116
2022-12-25,592,H,Boston,36,26,38,39,139,3.5,5.5,-220,3
2022-12-25,593,V,Memphis,29,25,30,25,109,225.5,7,-270,7.5
2022-12-25,594,H,GoldenState,33,26,40,24,123,4.5,232,230,117.5
2022-12-25,595,V,Phoenix,24,33,27,29,125,231.5,228.5,150,115.5
2022-12-25,596,H,Denver,28,23,30,32,128,2.5,4,-170,5
2022-12-26,501,V,Brooklyn,34,31,26,34,125,220.5,220,110,107.5
2022-12-26,502,H,Cleveland,22,27,30,38,117,2,2,-130,5
2022-12-26,503,V,LAClippers,31,35,30,32,142,7.5,6,-220,1.5
2022-12-26,504,H,Detroit,36,25,39,28,131,224.5,222.5,190,114
2022-12-26,505,V,Minnesota,31,25,30,24,110,223.5,222,105,1
2022-12-26,506,H,Miami,33,26,34,20,113,4,1,-125,107.5
2022-12-26,507,V,Houston,36,28,35,34,133,227.5,231.5,230,112
2022-12-26,508,H,Chicago,26,39,24,29,118,8,7,-270,4
2022-12-26,509,V,Utah,26,30,26,40,122,4.5,4.5,-185,4.5
2022-12-26,510,H,SanAntonio,31,32,33,30,126,235,236,165,119.5
2022-12-26,511,V,Indiana,18,20,24,31,93,231.5,234.5,110,4.5
2022-12-26,512,H,NewOrleans,24,33,33,23,113,4,2,-130,112
2022-12-26,513,V,Charlotte,34,33,28,18,113,237,239,180,116
2022-12-26,514,H,Portland,30,31,40,23,124,7,5.5,-210,4.5
2022-12-27,515,V,LALakers,33,32,27,37,129,231,237,130,119.5
2022-12-27,516,H,Orlando,27,28,28,27,110,5,3,-150,3.5
2022-12-27,517,V,Philadelphia,30,26,29,26,111,4.5,4.5,-190,5.5
2022-12-27,518,H,Washington,32,35,27,22,116,221.5,224.5,170,109.5
2022-12-27,519,V,Houston,21,28,32,21,102,232,229.5,850,110.5
2022-12-27,520,H,Boston,22,34,36,34,126,14.511,15,-1500,6.5
2022-12-27,521,V,Atlanta,27,27,32,28,114,232,1.5,-125,3
2022-12-27,522,H,Indiana,30,34,32,33,129,1.5,238.5,105,115.5
2022-12-27,523,V,LAClippers,27,33,37,27,124,218.5,220,150,112
2022-12-27,524,H,Toronto,29,27,26,31,113,5.5,4,-170,2
2022-12-27,525,V,Phoenix,23,42,32,28,125,227.5,224.5,260,113.5
2022-12-27,526,H,Memphis,22,27,31,28,108,7,8,-310,9
2022-12-27,527,V,SanAntonio,33,27,33,21,114,236.5,235,240,113.5
2022-12-27,528,H,OklahomaCity,38,32,25,35,130,5.5,7,-280,1
2022-12-27,529,V,NewYork,30,33,29,23,121,222.5,216,180,105
2022-12-27,530,H,Dallas,28,27,27,33,126,5.5,5.5,-210,5.5
2022-12-27,531,V,Denver,20,27,32,34,113,3,3,-155,4
2022-12-27,532,H,Sacramento,32,24,27,23,106,237.5,237.5,135,113.5
2022-12-27,533,V,Charlotte,26,26,26,27,105,234.5,240,170,1.5
2022-12-27,534,H,GoldenState,37,28,24,21,110,4,5,-190,115.5
2022-12-28,535,V,Orlando,23,24,30,24,101,3.5,1,-120,5.5
2022-12-28,536,H,Detroit,27,39,26,29,121,228.5,229,100,112
2022-12-28,537,V,Phoenix,21,34,29,18,102,1.5,2,-140,3
2022-12-28,538,H,Washington,36,28,29,34,127,225.5,220.5,120,112
2022-12-28,539,V,LALakers,25,27,26,20,98,224,227.5,310,115.5
2022-12-28,540,H,Miami,33,28,34,17,112,7,9,-370,2.5
2022-12-28,541,V,Brooklyn,31,25,27,25,108,4.5,7,-290,7
2022-12-28,542,H,Atlanta,30,33,17,27,107,238.5,229,245,111.5
2022-12-28,543,V,Minnesota,28,27,33,30,118,232.5,234,210,117.5
2022-12-28,544,H,NewOrleans,24,25,37,33,119,7.5,6.5,-250,6
2022-12-28,545,V,Milwaukee,32,23,27,24,113,5,2.5,-140,2
2022-12-28,546,H,Chicago,28,29,22,27,119,229.5,231,120,117.5
2022-12-28,547,V,Denver,40,35,30,21,126,2.5,237,130,114.5
2022-12-28,548,H,Sacramento,24,38,32,33,127,235,3,-150,4.5
2022-12-28,549,V,Utah,37,22,35,13,107,2.5,4.5,-180,1.5
2022-12-28,550,H,GoldenState,27,27,34,24,112,232.5,232,160,118.5
2022-12-29,551,V,OklahomaCity,30,30,24,29,113,240,238.5,110,115.5
2022-12-29,552,H,Charlotte,36,21,28,36,121,2,2.5,-130,1
2022-12-29,553,V,Cleveland,34,34,28,30,126,4,4,-170,1.5
2022-12-29,554,H,Indiana,29,35,35,36,135,223.5,225.5,150,110
2022-12-29,555,V,LAClippers,26,23,36,25,110,228,228,220,0.5
2022-12-29,556,H,Boston,27,33,24,32,116,6,6.5,-260,116.5
2022-12-29,557,V,Memphis,30,27,36,26,119,1,4,-175,117
2022-12-29,558,H,Toronto,20,23,32,31,106,225,230,155,2
2022-12-29,559,V,NewYork,29,24,26,36,115,4.5,4.5,-180,5.5
2022-12-29,560,H,SanAntonio,38,26,28,30,122,229.5,222,160,107.5
2022-12-29,561,V,Houston,30,21,28,35,114,224.5,226.5,375,110
2022-12-29,562,H,Dallas,36,29,34,30,129,11.5,10,-450,1
2022-12-30,563,V,Washington,27,29,42,21,119,4,4.5,-175,115.5
2022-12-30,564,H,Orlando,20,27,26,27,100,222.5,226.5,155,0.5
2022-12-30,565,V,LALakers,23,39,36,32,130,233.5,242,195,123.5
2022-12-30,566,H,Atlanta,33,34,28,26,121,4.5,6,-230,2
2022-12-30,567,V,Phoenix,24,27,28,25,104,225,222,110,112.5
2022-12-30,568,H,Toronto,33,20,33,27,113,1.5,2,-130,1
2022-12-30,569,V,Detroit,25,33,34,26,118,229.5,230,250,117
2022-12-30,570,H,Chicago,33,27,35,37,132,7,7,-300,4
2022-12-30,571,V,Minnesota,34,27,22,31,114,226.5,229.5,260,111
2022-12-30,572,H,Milwaukee,33,17,39,34,123,7,7.5,-310,8
2022-12-30,573,V,Philadelphia,27,33,31,25,116,225,1,-115,2.5
2022-12-30,574,H,NewOrleans,31,36,32,28,127,3.5,230.5,-105,112
2022-12-30,575,V,Miami,19,38,33,29,119,223.5,224,160,109
2022-12-30,576,H,Denver,23,37,25,39,124,5,4.5,-180,1.5
2022-12-30,577,V,Utah,27,30,30,38,125,236.5,242.5,130,123.5
2022-12-30,578,H,Sacramento,30,30,31,35,126,2.5,3,-150,1.5
2022-12-30,579,V,Portland,25,31,40,16,112,3,1,-120,1
2022-12-30,580,H,GoldenState,41,19,28,30,118,231,234,100,113
2022-12-31,501,V,LAClippers,22,33,38,37,130,4.5,2.5,-140,3
2022-12-31,502,H,Indiana,32,30,31,38,131,230,231,120,117.5
2022-12-31,503,V,Dallas,32,36,35,23,126,7,7.5,-280,3.5
2022-12-31,504,H,SanAntonio,30,34,29,32,125,225.5,231.5,240,111.5
2022-12-31,505,V,NewYork,27,26,29,26,108,5.5,3.5,-165,1.5
2022-12-31,506,H,Houston,35,14,21,18,88,227.5,222,145,109
2022-12-31,507,V,Brooklyn,32,29,36,26,123,7.5,6.5,-250,115
2022-12-31,508,H,Charlotte,22,27,30,27,106,236.5,237.5,210,pk
2022-12-31,509,V,Cleveland,28,32,24,19,103,4.5,1,-125,108
2022-12-31,510,H,Chicago,30,25,22,25,102,224.5,223.5,105,1
2022-12-31,511,V,Detroit,28,22,38,28,116,231.5,233.5,245,1
2022-12-31,512,H,Minnesota,39,25,24,16,104,8,7.5,-290,118
2022-12-31,513,V,Philadelphia,38,31,20,26,115,5.5,2.5,-140,108.5
2022-12-31,514,H,OklahomaCity,20,23,29,24,96,231.5,224.5,120,5.5
2022-12-31,515,V,NewOrleans,25,25,29,22,101,232.5,236.5,220,121.5
2022-12-31,516,H,Memphis,31,22,30,33,116,4,7,-260,3
2022-12-31,517,V,Miami,31,38,27,30,126,224,225,155,110.5
2022-12-31,518,H,Utah,30,33,35,25,123,3.5,4,-175,3
2023-01-01,519,V,Boston,28,26,31,26,111,232.5,3.5,-170,4.5
2023-01-01,520,H,Denver,37,25,36,25,123,pk,234,150,114
2023-01-01,521,V,Sacramento,26,32,29,21,108,231.5,47.5,150,116.5
2023-01-01,522,H,Memphis,27,32,32,27,118,5.5,3.5,-170,2.5
2023-01-01,523,V,Washington,34,34,20,30,118,225.5,41,115,114
2023-01-01,524,H,Milwaukee,17,33,20,25,95,9,6.5,-135,6
2023-01-02,525,V,Phoenix,11,20,27,25,83,224,219.5,120,5.5
2023-01-02,526,H,NewYork,23,31,25,23,102,1,2.5,-140,111.5
2023-01-02,527,V,LALakers,22,38,34,27,121,1,241.5,110,122
2023-01-02,528,H,Charlotte,21,24,31,39,115,241,2,-130,5
2023-01-02,529,V,Toronto,33,24,33,24,114,229,2,-130,3
2023-01-02,530,H,Indiana,29,37,25,31,122,2,233.5,110,113
2023-01-02,531,V,NewOrleans,25,27,29,30,111,230.5,229.5,185,117.5
2023-01-02,532,H,Philadelphia,33,24,27,36,120,4,5.5,-215,2
2023-01-02,533,V,Chicago,34,31,31,34,134,222,225,150,114
2023-01-02,534,H,Cleveland,27,20,44,39,145,4,4,-170,6.5
2023-01-02,535,V,SanAntonio,25,22,32,24,103,234,236.5,550,0.5
2023-01-02,536,H,Brooklyn,37,37,34,31,139,13.5,12,-800,114.5
2023-01-02,537,V,Denver,23,30,32,26,111,2.5,4.5,-170,5
2023-01-02,538,H,Minnesota,23,36,31,34,124,233,231,150,111
2023-01-02,539,V,Dallas,18,26,39,28,111,7.5,7,-300,7.5
2023-01-02,540,H,Houston,26,29,32,19,106,228.5,227.5,250,108.5
2023-01-02,541,V,Detroit,27,25,30,24,106,232,231.5,350,118
2023-01-02,542,H,Portland,22,39,41,33,135,9.5,9.5,-420,2.5
2023-01-02,543,V,Atlanta,26,27,42,26,141,235.5,236.5,105,4.5
2023-01-02,544,H,GoldenState,38,32,25,26,143,1,1.5,-125,115
2023-01-02,545,V,Miami,34,33,14,29,110,221.5,1,-115,107
2023-01-02,546,H,LAClippers,28,21,34,17,100,5.5,217.5,-105,4.5
2023-01-03,547,V,Washington,28,21,36,28,113,227,232.5,250,118.5
2023-01-03,548,H,Milwaukee,32,29,29,33,123,7.5,7.5,-300,0.5
2023-01-03,549,V,Boston,33,21,37,26,117,8.5,11.5,-600,12.5
2023-01-03,550,H,OklahomaCity,34,40,48,28,150,235.5,228.5,450,110
2023-01-03,551,V,Sacramento,35,25,28,29,117,243.5,242.5,130,116.5
2023-01-03,552,H,Utah,23,28,38,26,115,3.5,3,-150,4.5
2023-01-04,553,V,Phoenix,14,29,21,24,88,219.5,216,175,109
2023-01-04,554,H,Cleveland,15,18,26,31,90,4.5,5,-200,5.5
2023-01-04,555,V,Indiana,28,33,23,36,126,231.5,233.5,175,113.5
2023-01-04,556,H,Philadelphia,27,39,31,23,129,7.5,5,-200,1
2023-01-04,557,V,OklahomaCity,28,25,35,27,115,229.5,1,-120,5
2023-01-04,558,H,Orlando,31,39,25,31,126,1,229.5,100,111.5
2023-01-04,559,V,Memphis,40,36,26,29,131,6,7,-280,120.5
2023-01-04,560,H,Charlotte,26,21,26,34,107,234.5,236.5,240,4
2023-01-04,561,V,SanAntonio,29,26,34,25,114,229,225.5,350,110.5
2023-01-04,562,H,NewYork,39,23,32,23,117,8.5,10,-420,3.5
2023-01-04,563,V,Milwaukee,13,26,24,34,104,229,223,180,113
2023-01-04,564,H,Toronto,12,26,21,38,101,3,5.5,-210,4
2023-01-04,565,V,Brooklyn,33,26,26,27,112,5,5,-190,6
2023-01-04,566,H,Chicago,40,29,19,33,121,234,234,170,114
2023-01-04,567,V,Portland,24,29,32,21,106,233,1.5,-125,2.5
2023-01-04,568,H,Minnesota,29,31,29,24,113,1,234,105,118.5
2023-01-04,569,V,Houston,22,30,21,35,108,226,228,225,2.5
2023-01-04,570,H,NewOrleans,45,30,23,21,119,7,7,-265,111
2023-01-04,571,V,Atlanta,30,31,30,29,120,244.5,245.5,105,119.5
2023-01-04,572,H,Sacramento,30,28,30,29,117,1.5,1.5,-125,1
2023-01-04,573,V,Miami,23,25,30,31,109,3,8.5,-350,8
2023-01-04,574,H,LALakers,32,20,27,33,112,227.5,224,290,109.5
2023-01-04,575,V,Detroit,34,26,31,31,122,233,232.5,225,119
2023-01-04,576,H,GoldenState,26,30,32,31,119,7,6.5,-265,6.5
2023-01-05,577,V,Memphis,22,43,27,31,123,5.5,6.5,-240,118
2023-01-05,578,H,Orlando,20,23,35,37,115,225.5,230,200,3
2023-01-05,579,V,Boston,29,35,25,35,124,1.5,3,-150,112
2023-01-05,580,H,Dallas,20,26,19,30,95,225,231.5,130,3.5
2023-01-05,581,V,Utah,31,33,31,36,131,5,7,-260,1.5
2023-01-05,582,H,Houston,23,33,30,28,114,230,232,220,119
2023-01-05,583,V,LAClippers,15,17,27,32,91,224.5,229.5,170,6
2023-01-05,584,H,Denver,32,34,36,20,122,5.5,4.5,-190,115
2023-01-06,501,V,Portland,29,26,27,17,99,231.5,237.5,105,0.5
2023-01-06,502,H,Indiana,26,28,27,27,108,1,1,-125,122
2023-01-06,503,V,NewYork,30,27,24,31,112,223,216,150,105
2023-01-06,504,H,Toronto,26,21,31,30,108,2.5,4,-170,4.5
2023-01-06,505,V,Chicago,25,34,40,27,126,224.5,234.5,175,118.5
2023-01-06,506,H,Philadelphia,30,25,29,28,112,5.5,5,-200,5
2023-01-06,507,V,Charlotte,51,33,28,26,138,227.5,230,380,111
2023-01-06,508,H,Milwaukee,28,32,27,22,109,10,10,-460,11
2023-01-06,509,V,Detroit,28,20,28,33,109,229.5,236.5,-105,119
2023-01-06,510,H,SanAntonio,31,20,35,35,121,1,1.5,-115,pk
2023-01-06,511,V,Washington,17,25,38,30,110,0.5,231,100,6.5
2023-01-06,512,H,OklahomaCity,35,33,35,24,127,230.5,1,-120,117.5
2023-01-06,513,V,Brooklyn,27,26,35,20,108,3.5,4.5,-175,6
2023-01-06,514,H,NewOrleans,28,36,21,17,102,229.5,232,155,112.5
2023-01-06,515,V,Cleveland,28,30,24,26,108,229.5,222,175,107.5
2023-01-06,516,H,Denver,26,36,32,27,121,5.5,5,-200,2
2023-01-06,517,V,LAClippers,33,21,25,36,115,225,224,190,2
2023-01-06,518,H,Minnesota,37,31,32,28,128,3,5.5,-220,114.5
2023-01-06,519,V,Miami,30,21,27,26,104,217,1,-120,103
2023-01-06,520,H,Phoenix,23,23,27,23,96,1,210.5,100,0.5
2023-01-06,521,V,Atlanta,28,21,33,32,114,231.5,2.5,-145,6.5
2023-01-06,522,H,LALakers,37,33,28,32,130,1,242,125,117.5
2023-01-07,523,V,Boston,33,35,25,28,121,10,14.5,-1400,5
2023-01-07,524,H,SanAntonio,30,27,32,27,116,235,234.5,800,113.5
2023-01-07,525,V,Utah,24,25,40,29,118,234.5,2.5,-135,2
2023-01-07,526,H,Chicago,28,25,31,42,126,1.5,239,115,121
2023-01-07,527,V,NewOrleans,15,31,35,36,117,225,223,320,0.5
2023-01-07,528,H,Dallas,34,29,34,30,127,7,9,-380,113.5
2023-01-07,529,V,Orlando,28,34,30,23,115,229.5,231,210,112.5
2023-01-07,530,H,GoldenState,29,30,23,19,101,5,6.5,-250,5
2023-01-07,531,V,LALakers,37,36,36,27,136,244,242,250,123
2023-01-07,532,H,Sacramento,38,35,36,25,134,8,7.5,-300,5
2023-01-08,533,V,Philadelphia,35,36,29,23,123,5.5,5.5,-210,112.5
2023-01-08,534,H,Detroit,27,27,28,29,111,229.5,229,180,2.5
2023-01-08,535,V,Portland,27,26,21,31,105,226.5,226.5,130,116.5
2023-01-08,536,H,Toronto,34,24,31,28,117,3,3,-150,0.5
2023-01-08,537,V,Charlotte,27,18,34,32,111,238.5,240.5,190,114.5
2023-01-08,538,H,Indiana,15,32,26,43,116,6,5.5,-220,3
2023-01-08,539,V,Brooklyn,31,35,13,23,102,2.5,3,-130,1
2023-01-08,540,H,Miami,30,34,18,19,101,221.5,223.5,110,108
2023-01-08,541,V,Utah,24,28,38,28,118,236,234,190,1
2023-01-08,542,H,Memphis,23,43,32,25,123,9.5,5.5,-220,118.5
2023-01-08,543,V,Dallas,34,21,28,26,109,1.5,227,155,2.5
2023-01-08,544,H,OklahomaCity,33,36,27,24,120,228.5,4,-175,110
2023-01-08,545,V,Minnesota,24,34,19,27,104,2.5,3.5,-160,2.5
2023-01-08,546,H,Houston,33,29,19,15,96,229.5,232.5,140,112
2023-01-08,547,V,Cleveland,35,22,23,32,112,3.5,6,-230,3
2023-01-08,548,H,Phoenix,26,28,25,19,98,218.5,215,195,105
2023-01-08,549,V,Atlanta,25,41,19,27,112,230.5,233.5,120,112.5
2023-01-08,550,H,LAClippers,26,26,35,21,108,4.5,2.5,-140,5
2023-01-09,551,V,NewOrleans,35,33,32,32,132,227.5,227.5,105,115
2023-01-09,552,H,Washington,37,19,32,24,112,1.5,1.5,-125,3.5
2023-01-09,553,V,Milwaukee,22,24,27,38,111,2.5,218.5,100,1.5
2023-01-09,554,H,NewYork,22,29,27,29,107,221.5,pk,-120,112
2023-01-09,555,V,Chicago,25,25,23,26,99,237,236.5,320,119.5
2023-01-09,556,H,Boston,28,31,25,23,107,7.5,9,-380,2
2023-01-09,557,V,SanAntonio,25,36,31,21,113,236.5,234,425,113
2023-01-09,558,H,Memphis,35,37,25,24,121,10.5,11,-550,3
2023-01-09,559,V,LALakers,23,25,31,30,109,240.5,236.5,550,120
2023-01-09,560,H,Denver,29,33,32,28,122,8.5,13,-800,3
2023-01-09,561,V,Orlando,31,21,32,27,111,238.5,237,215,2.5
2023-01-09,562,H,Sacramento,41,31,35,29,136,6.5,6.5,-255,114.5
2023-01-10,563,V,Detroit,20,23,32,41,116,229.5,225.5,800,115.5
2023-01-10,564,H,Philadelphia,27,38,42,40,147,9.5,14.5,-1400,2
2023-01-10,565,V,Charlotte,34,32,28,26,120,230.5,229.5,250,111.5
2023-01-10,566,H,Toronto,35,37,24,36,132,7,7.5,-300,2.5
2023-01-10,567,V,OklahomaCity,26,30,32,23,111,226.5,221,105,1
2023-01-10,568,H,Miami,31,32,26,23,112,6,1.5,-125,108
2023-01-10,569,V,Cleveland,24,31,29,30,114,3,2.5,-140,1.5
2023-01-10,570,H,Utah,31,24,33,28,116,225.5,226.5,120,110.5
2023-01-10,571,V,Phoenix,31,28,39,27,125,231,230,525,116
2023-01-10,572,H,GoldenState,26,19,34,34,113,4,12,-750,11.5
2023-01-10,573,V,Orlando,33,17,32,27,109,229.5,229,280,112
2023-01-10,574,H,Portland,20,30,23,33,106,6.5,8.5,-340,6
2023-01-10,575,V,Dallas,25,22,31,23,101,221,224.5,100,5.5
2023-01-10,576,H,LAClippers,31,38,19,25,113,2.5,1.5,-120,109
2023-01-11,501,V,Chicago,29,30,21,17,97,230,1.5,-125,116
2023-01-11,502,H,Washington,25,21,41,13,100,1,227.5,105,3
2023-01-11,503,V,Minnesota,34,30,23,31,118,6.5,6.5,-250,4.5
2023-01-11,504,H,Detroit,31,34,36,34,135,234,233.5,210,113.5
2023-01-11,505,V,Milwaukee,39,28,22,25,114,1,4,-175,115.5
2023-01-11,506,H,Atlanta,19,27,36,23,105,232,227.5,155,3.5
2023-01-11,507,V,NewOrleans,32,26,27,29,114,229.5,230,330,116.5
2023-01-11,508,H,Boston,35,29,33,28,125,9,9,-400,3.5
2023-01-11,509,V,Indiana,21,20,40,32,113,228,226.5,175,3
2023-01-11,510,H,NewYork,37,25,33,24,119,5,5,-200,110.5
2023-01-11,511,V,SanAntonio,37,25,35,32,129,237.5,241,700,117
2023-01-11,512,H,Memphis,32,44,36,23,135,13.5,13.5,-1100,3
2023-01-11,513,V,Phoenix,28,26,21,22,97,226.5,226.5,700,114.5
2023-01-11,514,H,Denver,34,36,30,26,126,13,14.5,-1100,4
2023-01-11,515,V,Houston,27,35,33,20,115,239,236.5,320,114.5
2023-01-11,516,H,Sacramento,31,36,27,41,135,9.5,9,-380,3.5
2023-01-12,517,V,OklahomaCity,35,32,34,32,133,233,233.5,375,119
2023-01-12,518,H,Philadelphia,35,22,28,29,114,8,10.5,-450,11
2023-01-12,519,V,Boston,29,31,24,25,109,2.5,1,-115,0.5
2023-01-12,520,H,Brooklyn,31,26,25,16,98,228,225,-105,109.5
2023-01-12,521,V,Charlotte,29,26,33,26,114,231.5,229.5,260,0.5
2023-01-12,522,H,Toronto,38,31,28,27,124,7.5,7.5,-310,111
2023-01-12,523,V,Milwaukee,23,22,28,29,102,220,211.5,190,107
2023-01-12,524,H,Miami,14,31,33,30,108,3,5.5,-220,4
2023-01-12,525,V,Dallas,36,23,23,19,119,2.5,2.5,-140,115
2023-01-12,526,H,LALakers,22,26,28,25,115,229.5,236.5,120,2
2023-01-12,527,V,Cleveland,27,24,36,32,119,1.5,1.5,-120,2
2023-01-12,528,H,Portland,32,26,33,22,113,223,224,100,108.5
2023-01-13,529,V,Atlanta,36,19,29,29,113,3,3.5,-160,3
2023-01-13,530,H,Indiana,27,31,31,22,111,234.5,239,140,116
2023-01-13,531,V,NewYork,19,31,30,32,112,3,3.5,-155,3
2023-01-13,532,H,Washington,21,32,23,32,108,221.5,220,135,106
2023-01-13,533,V,NewOrleans,32,27,33,24,116,4.5,5.5,-210,119.5
2023-01-13,534,H,Detroit,28,22,33,27,110,232.5,235,180,pk
2023-01-13,535,V,GoldenState,33,41,40,30,144,8.5,8.5,-340,0.5
2023-01-13,536,H,SanAntonio,28,32,29,24,113,235,243.5,280,118
2023-01-13,537,V,Phoenix,25,24,26,41,116,224.5,222.5,200,1
2023-01-13,538,H,Minnesota,35,29,28,29,121,3,6.5,-240,114
2023-01-13,539,V,OklahomaCity,33,39,19,33,124,234.5,233.5,155,113
2023-01-13,540,H,Chicago,31,27,32,20,110,6.5,4.5,-175,5.5
2023-01-13,541,V,Orlando,27,29,27,25,108,230,233.5,180,113.5
2023-01-13,542,H,Utah,36,25,27,24,112,6,5.5,-210,1.5
2023-01-13,543,V,Denver,32,25,29,29,115,226.5,221,170,107.5
2023-01-13,544,H,LAClippers,34,24,23,22,103,1,5,-190,3
2023-01-13,545,V,Houston,32,34,26,22,114,235,238,350,116
2023-01-13,546,H,Sacramento,36,33,43,27,139,9,9.5,-420,4.5
2023-01-14,547,V,Milwaukee,20,25,26,24,95,219.5,213,155,0.5
2023-01-14,548,H,Miami,28,25,24,34,111,1,4,-175,109
2023-01-14,549,V,Boston,31,31,33,27,122,6.5,7.5,-330,6
2023-01-14,550,H,Charlotte,34,32,19,21,106,231.5,232.5,270,112.5
2023-01-14,551,V,Memphis,36,32,29,33,130,8.5,7.5,-330,122
2023-01-14,552,H,Indiana,28,24,27,33,112,235.5,239.5,270,0.5
2023-01-14,553,V,Atlanta,34,35,27,18,114,232.5,232,240,111.5
2023-01-14,554,H,Toronto,25,32,22,24,103,5,7.5,-280,6
2023-01-14,555,V,Cleveland,25,29,26,22,102,4,4,-175,1
2023-01-14,556,H,Minnesota,27,22,28,33,110,224.5,224,155,109
2023-01-14,557,V,Philadelphia,41,25,22,30,118,3.5,7,-290,0.5
2023-01-14,558,H,Utah,24,32,29,32,117,235,231.5,245,113
2023-01-14,559,V,Dallas,30,26,34,29,119,228,226.5,150,1.5
2023-01-14,560,H,Portland,31,40,35,30,136,1,3,-170,110.5
2023-01-15,561,V,NewYork,39,23,28,27,117,6,8.5,-350,2.5
2023-01-15,562,H,Detroit,22,33,25,24,104,227,225,290,109
2023-01-15,563,V,Houston,30,33,27,10,100,226.5,221,400,108.5
2023-01-15,564,H,LAClippers,31,31,29,30,121,9.5,10,-500,6.5
2023-01-15,565,V,GoldenState,20,42,24,32,118,3.5,6,-230,3
2023-01-15,566,H,Chicago,35,24,33,40,132,237.5,237.5,195,116.5
2023-01-15,567,V,OklahomaCity,28,20,27,37,112,230.5,230.5,155,116
2023-01-15,568,H,Brooklyn,24,26,30,22,102,5,4.5,-175,2.5
2023-01-15,569,V,Sacramento,33,30,39,30,132,7.5,6.5,-250,4.5
2023-01-15,570,H,SanAntonio,32,32,26,29,119,244.5,246,210,119
2023-01-15,571,V,Orlando,25,29,34,28,116,22.5,234,425,113
2023-01-15,572,H,Denver,31,38,25,25,119,10,10.5,-550,0.5
2023-01-15,573,V,Dallas,31,23,41,28,123,227,224,320,108.5
2023-01-15,574,H,Portland,33,28,37,42,140,6,9,-380,3
2023-01-15,575,V,Philadelphia,33,24,29,27,113,3.5,5.5,-210,4
2023-01-15,576,H,LALakers,32,26,25,29,112,234.5,234.5,180,114.5
2023-01-16,501,V,Boston,35,31,26,38,130,8,8.5,-350,1.5
2023-01-16,502,H,Charlotte,22,33,31,32,118,231.5,229.5,290,112
2023-01-16,503,V,Indiana,38,38,22,21,119,226,228.5,175,112
2023-01-16,504,H,Milwaukee,32,33,28,39,132,10.5,5,-200,5
2023-01-16,505,V,NewOrleans,25,25,31,22,103,223.5,223.5,250,114
2023-01-16,506,H,Cleveland,24,23,31,35,113,6.5,7.5,-300,6.5
2023-01-16,507,V,Toronto,29,27,25,29,123,218.5,218.5,100,106.5
2023-01-16,508,H,NewYork,25,34,28,23,121,3,1.5,-120,pk
2023-01-16,509,V,GoldenState,35,34,24,34,127,0.5,3,-140,0.5
2023-01-16,510,H,Washington,33,31,29,25,118,237,234.5,120,114.5
2023-01-16,511,V,Miami,26,24,30,33,113,1,223,-105,5
2023-01-16,512,H,Atlanta,38,32,21,30,121,222.5,1,-115,108.5
2023-01-16,513,V,Utah,27,25,35,39,126,234.5,232,155,119
2023-01-16,514,H,Minnesota,27,31,37,30,125,0.5,4,-175,pk
2023-01-16,515,V,Phoenix,36,29,23,18,106,225.5,231,550,118
2023-01-16,516,H,Memphis,29,39,39,29,136,10,12.5,-800,6.5
2023-01-16,517,V,Houston,35,26,37,34,132,234.5,236.5,240,116
2023-01-16,518,H,LALakers,37,36,29,38,140,0.5,7.5,-280,pk
